schema_version,experiment_id,phase,repeat_index,job_id,server_version,pgvector_version,flush_policy,flush_timeout_ms,flush_max_wait_ms,arrival_time_scale,trace_index,elapsed_s,pending_rows,pending_tokens,oldest_age_s,action,reason,selected_wait_s,window_reason
2,hol_age_diagnostic_512_20260728,warmup,1,70,18.4 (Ubuntu 18.4-1.pgdg22.04+1),0.8.5,fixed_timeout,50.0,50.0,0.0005,0,3.861077129840851e-05,1,546,3.861077129840851e-05,wait,fixed_timeout_wait,0.05,fixed_timeout
2,hol_age_diagnostic_512_20260728,warmup,1,70,18.4 (Ubuntu 18.4-1.pgdg22.04+1),0.8.5,fixed_timeout,50.0,50.0,0.0005,1,0.05006447993218899,2,1075,0.05006447993218899,flush,fixed_timeout,0.05,fixed_timeout
2,hol_age_diagnostic_512_20260728,warmup,1,70,18.4 (Ubuntu 18.4-1.pgdg22.04+1),0.8.5,fixed_timeout,50.0,50.0,0.0005,2,0.10645908676087856,1,574,0.04995908588171005,wait,fixed_timeout_wait,0.05,fixed_timeout
2,hol_age_diagnostic_512_20260728,warmup,1,70,18.4 (Ubuntu 18.4-1.pgdg22.04+1),0.8.5,fixed_timeout,50.0,50.0,0.0005,3,0.10650474205613136,3,1692,0.05000474117696285,flush,fixed_timeout,0.05,fixed_timeout
2,hol_age_diagnostic_512_20260728,warmup,1,70,18.4 (Ubuntu 18.4-1.pgdg22.04+1),0.8.5,fixed_timeout,50.0,50.0,0.0005,4,0.11407478339970112,1,517,7.47833400964737e-05,wait,fixed_timeout_wait,0.05,fixed_timeout
2,hol_age_diagnostic_512_20260728,warmup,1,70,18.4 (Ubuntu 18.4-1.pgdg22.04+1),0.8.5,fixed_timeout,50.0,50.0,0.0005,5,0.16407939791679382,3,1823,0.05007939785718918,flush,fixed_timeout,0.05,fixed_timeout
2,hol_age_diagnostic_512_20260728,warmup,1,70,18.4 (Ubuntu 18.4-1.pgdg22.04+1),0.8.5,fixed_timeout,50.0,50.0,0.0005,6,0.20268035866320133,1,529,0.00018035806715488434,wait,fixed_timeout_wait,0.05,fixed_timeout
2,hol_age_diagnostic_512_20260728,warmup,1,70,18.4 (Ubuntu 18.4-1.pgdg22.04+1),0.8.5,fixed_timeout,50.0,50.0,0.0005,7,0.2525749523192644,1,529,0.050074951723217964,flush,fixed_timeout,0.05,fixed_timeout
2,hol_age_diagnostic_512_20260728,warmup,1,70,18.4 (Ubuntu 18.4-1.pgdg22.04+1),0.8.5,fixed_timeout,50.0,50.0,0.0005,8,0.26508725993335247,1,517,8.725933730602264e-05,wait,fixed_timeout_wait,0.05,fixed_timeout
2,hol_age_diagnostic_512_20260728,warmup,1,70,18.4 (Ubuntu 18.4-1.pgdg22.04+1),0.8.5,fixed_timeout,50.0,50.0,0.0005,9,0.31506942212581635,2,1079,0.0500694215297699,flush,fixed_timeout,0.05,fixed_timeout
2,hol_age_diagnostic_512_20260728,warmup,1,70,18.4 (Ubuntu 18.4-1.pgdg22.04+1),0.8.5,fixed_timeout,50.0,50.0,0.0005,10,0.3186337314546108,1,522,0.002133730798959732,wait,fixed_timeout_wait,0.05,fixed_timeout
2,hol_age_diagnostic_512_20260728,warmup,1,70,18.4 (Ubuntu 18.4-1.pgdg22.04+1),0.8.5,fixed_timeout,50.0,50.0,0.0005,11,0.36656471341848373,2,1058,0.05006471276283264,flush,fixed_timeout,0.05,fixed_timeout
2,hol_age_diagnostic_512_20260728,warmup,1,70,18.4 (Ubuntu 18.4-1.pgdg22.04+1),0.8.5,fixed_timeout,50.0,50.0,0.0005,12,0.3683051858097315,1,545,0.00030518509447574615,wait,fixed_timeout_wait,0.05,fixed_timeout
2,hol_age_diagnostic_512_20260728,warmup,1,70,18.4 (Ubuntu 18.4-1.pgdg22.04+1),0.8.5,fixed_timeout,50.0,50.0,0.0005,13,0.4180680364370346,3,1637,0.05006803572177887,flush,fixed_timeout,0.05,fixed_timeout
2,hol_age_diagnostic_512_20260728,warmup,1,70,18.4 (Ubuntu 18.4-1.pgdg22.04+1),0.8.5,fixed_timeout,50.0,50.0,0.0005,14,0.48060172237455845,1,520,0.00010172277688980103,wait,fixed_timeout_wait,0.05,fixed_timeout
2,hol_age_diagnostic_512_20260728,warmup,1,70,18.4 (Ubuntu 18.4-1.pgdg22.04+1),0.8.5,fixed_timeout,50.0,50.0,0.0005,15,0.5305694919079542,3,1599,0.05006949231028557,flush,fixed_timeout,0.05,fixed_timeout
2,hol_age_diagnostic_512_20260728,warmup,1,70,18.4 (Ubuntu 18.4-1.pgdg22.04+1),0.8.5,fixed_timeout,50.0,50.0,0.0005,16,0.533826507627964,1,515,0.0003265067934989929,wait,fixed_timeout_wait,0.05,fixed_timeout
2,hol_age_diagnostic_512_20260728,warmup,1,70,18.4 (Ubuntu 18.4-1.pgdg22.04+1),0.8.5,fixed_timeout,50.0,50.0,0.0005,17,0.583571245893836,2,1039,0.050071245059370995,flush,fixed_timeout,0.05,fixed_timeout
2,hol_age_diagnostic_512_20260728,warmup,1,70,18.4 (Ubuntu 18.4-1.pgdg22.04+1),0.8.5,fixed_timeout,50.0,50.0,0.0005,18,0.6366113293915987,1,558,0.0001113303005695343,wait,fixed_timeout_wait,0.05,fixed_timeout
2,hol_age_diagnostic_512_20260728,warmup,1,70,18.4 (Ubuntu 18.4-1.pgdg22.04+1),0.8.5,fixed_timeout,50.0,50.0,0.0005,19,0.686575161293149,1,558,0.05007516220211983,flush,fixed_timeout,0.05,fixed_timeout
2,hol_age_diagnostic_512_20260728,warmup,1,70,18.4 (Ubuntu 18.4-1.pgdg22.04+1),0.8.5,fixed_timeout,50.0,50.0,0.0005,20,0.7221009489148855,1,531,0.00010094977915287018,wait,fixed_timeout_wait,0.05,fixed_timeout
2,hol_age_diagnostic_512_20260728,warmup,1,70,18.4 (Ubuntu 18.4-1.pgdg22.04+1),0.8.5,fixed_timeout,50.0,50.0,0.0005,21,0.7721067182719707,1,531,0.0501067191362381,flush,fixed_timeout,0.05,fixed_timeout
2,hol_age_diagnostic_512_20260728,warmup,1,70,18.4 (Ubuntu 18.4-1.pgdg22.04+1),0.8.5,fixed_timeout,50.0,50.0,0.0005,22,0.8030781578272581,1,836,7.815845310688019e-05,wait,fixed_timeout_wait,0.05,fixed_timeout
2,hol_age_diagnostic_512_20260728,warmup,1,70,18.4 (Ubuntu 18.4-1.pgdg22.04+1),0.8.5,fixed_timeout,50.0,50.0,0.0005,23,0.8530683554708958,1,836,0.05006835609674454,flush,fixed_timeout,0.05,fixed_timeout
2,hol_age_diagnostic_512_20260728,warmup,1,70,18.4 (Ubuntu 18.4-1.pgdg22.04+1),0.8.5,fixed_timeout,50.0,50.0,0.0005,24,0.8876045271754265,1,582,0.00010452792048454285,wait,fixed_timeout_wait,0.05,fixed_timeout
2,hol_age_diagnostic_512_20260728,warmup,1,70,18.4 (Ubuntu 18.4-1.pgdg22.04+1),0.8.5,fixed_timeout,50.0,50.0,0.0005,25,0.9375718533992767,1,582,0.05007185414433479,flush,fixed_timeout,0.05,fixed_timeout
2,hol_age_diagnostic_512_20260728,warmup,1,70,18.4 (Ubuntu 18.4-1.pgdg22.04+1),0.8.5,fixed_timeout,50.0,50.0,0.0005,26,1.0321165025234222,1,1568,0.00011650286614894867,wait,fixed_timeout_wait,0.05,fixed_timeout
2,hol_age_diagnostic_512_20260728,warmup,1,70,18.4 (Ubuntu 18.4-1.pgdg22.04+1),0.8.5,fixed_timeout,50.0,50.0,0.0005,27,1.082072688266635,1,1568,0.05007268860936165,flush,fixed_timeout,0.05,fixed_timeout
2,hol_age_diagnostic_512_20260728,warmup,1,70,18.4 (Ubuntu 18.4-1.pgdg22.04+1),0.8.5,fixed_timeout,50.0,50.0,0.0005,28,1.0848266258835793,1,550,0.0008266251534223557,wait,fixed_timeout_wait,0.05,fixed_timeout
2,hol_age_diagnostic_512_20260728,warmup,1,70,18.4 (Ubuntu 18.4-1.pgdg22.04+1),0.8.5,fixed_timeout,50.0,50.0,0.0005,29,1.1340912785381079,2,1084,0.050091277807950974,flush,fixed_timeout,0.05,fixed_timeout
2,hol_age_diagnostic_512_20260728,warmup,1,70,18.4 (Ubuntu 18.4-1.pgdg22.04+1),0.8.5,fixed_timeout,50.0,50.0,0.0005,30,1.1440775394439697,1,1587,7.754005491733551e-05,wait,fixed_timeout_wait,0.05,fixed_timeout
2,hol_age_diagnostic_512_20260728,warmup,1,70,18.4 (Ubuntu 18.4-1.pgdg22.04+1),0.8.5,fixed_timeout,50.0,50.0,0.0005,31,1.1940694618970156,1,1587,0.05006946250796318,flush,fixed_timeout,0.05,fixed_timeout
2,hol_age_diagnostic_512_20260728,warmup,1,70,18.4 (Ubuntu 18.4-1.pgdg22.04+1),0.8.5,fixed_timeout,50.0,50.0,0.0005,32,1.2896057609468699,1,539,0.00010576099157333374,wait,fixed_timeout_wait,0.05,fixed_timeout
2,hol_age_diagnostic_512_20260728,warmup,1,70,18.4 (Ubuntu 18.4-1.pgdg22.04+1),0.8.5,fixed_timeout,50.0,50.0,0.0005,33,1.339568741619587,1,539,0.05006874166429043,flush,fixed_timeout,0.05,fixed_timeout
2,hol_age_diagnostic_512_20260728,warmup,1,70,18.4 (Ubuntu 18.4-1.pgdg22.04+1),0.8.5,fixed_timeout,50.0,50.0,0.0005,34,4.168824210762978,1,1705,2.758324211463332,wait,fixed_timeout_wait,0.05,fixed_timeout
2,hol_age_diagnostic_512_20260728,warmup,1,70,18.4 (Ubuntu 18.4-1.pgdg22.04+1),0.8.5,fixed_timeout,50.0,50.0,0.0005,35,4.1688493471592665,1,1705,2.758349347859621,flush,fixed_timeout,0.05,fixed_timeout
2,hol_age_diagnostic_512_20260728,warmup,1,70,18.4 (Ubuntu 18.4-1.pgdg22.04+1),0.8.5,fixed_timeout,50.0,50.0,0.0005,36,4.3771339263767,1,1568,2.875133926048875,wait,fixed_timeout_wait,0.05,fixed_timeout
2,hol_age_diagnostic_512_20260728,warmup,1,70,18.4 (Ubuntu 18.4-1.pgdg22.04+1),0.8.5,fixed_timeout,50.0,50.0,0.0005,37,4.377162246033549,2,3247,2.8751622457057238,flush,fixed_timeout,0.05,fixed_timeout
2,hol_age_diagnostic_512_20260728,warmup,1,70,18.4 (Ubuntu 18.4-1.pgdg22.04+1),0.8.5,fixed_timeout,50.0,50.0,0.0005,38,4.575625250115991,1,1571,2.96212524920702,wait,fixed_timeout_wait,0.05,fixed_timeout
2,hol_age_diagnostic_512_20260728,warmup,1,70,18.4 (Ubuntu 18.4-1.pgdg22.04+1),0.8.5,fixed_timeout,50.0,50.0,0.0005,39,4.575642066076398,1,1571,2.962142065167427,flush,fixed_timeout,0.05,fixed_timeout
2,hol_age_diagnostic_512_20260728,warmup,1,70,18.4 (Ubuntu 18.4-1.pgdg22.04+1),0.8.5,fixed_timeout,50.0,50.0,0.0005,40,4.60244613327086,1,531,2.317946134135127,wait,fixed_timeout_wait,0.05,fixed_timeout
2,hol_age_diagnostic_512_20260728,warmup,1,70,18.4 (Ubuntu 18.4-1.pgdg22.04+1),0.8.5,fixed_timeout,50.0,50.0,0.0005,41,4.602491410449147,1,531,2.3179914113134146,flush,fixed_timeout,0.05,fixed_timeout
2,hol_age_diagnostic_512_20260728,warmup,1,70,18.4 (Ubuntu 18.4-1.pgdg22.04+1),0.8.5,fixed_timeout,50.0,50.0,0.0005,42,5.13502050191164,1,741,2.7385205011814833,wait,fixed_timeout_wait,0.05,fixed_timeout
2,hol_age_diagnostic_512_20260728,warmup,1,70,18.4 (Ubuntu 18.4-1.pgdg22.04+1),0.8.5,fixed_timeout,50.0,50.0,0.0005,43,5.135054377838969,1,741,2.7385543771088123,flush,fixed_timeout,0.05,fixed_timeout
2,hol_age_diagnostic_512_20260728,warmup,1,70,18.4 (Ubuntu 18.4-1.pgdg22.04+1),0.8.5,fixed_timeout,50.0,50.0,0.0005,44,5.966225454583764,1,525,2.9442254547029734,wait,fixed_timeout_wait,0.05,fixed_timeout
2,hol_age_diagnostic_512_20260728,warmup,1,70,18.4 (Ubuntu 18.4-1.pgdg22.04+1),0.8.5,fixed_timeout,50.0,50.0,0.0005,45,5.966254280880094,1,525,2.944254280999303,flush,fixed_timeout,0.05,fixed_timeout
2,hol_age_diagnostic_512_20260728,warmup,1,70,18.4 (Ubuntu 18.4-1.pgdg22.04+1),0.8.5,fixed_timeout,50.0,50.0,0.0005,46,6.034015754237771,1,533,2.7870157547295094,wait,fixed_timeout_wait,0.05,fixed_timeout
2,hol_age_diagnostic_512_20260728,warmup,1,70,18.4 (Ubuntu 18.4-1.pgdg22.04+1),0.8.5,fixed_timeout,50.0,50.0,0.0005,47,6.0340327229350805,1,533,2.787032723426819,flush,fixed_timeout,0.05,fixed_timeout
2,hol_age_diagnostic_512_20260728,warmup,1,70,18.4 (Ubuntu 18.4-1.pgdg22.04+1),0.8.5,fixed_timeout,50.0,50.0,0.0005,48,6.210347678512335,1,527,2.771847678348422,wait,fixed_timeout_wait,0.05,fixed_timeout
2,hol_age_diagnostic_512_20260728,warmup,1,70,18.4 (Ubuntu 18.4-1.pgdg22.04+1),0.8.5,fixed_timeout,50.0,50.0,0.0005,49,6.210397269576788,1,527,2.771897269412875,flush,fixed_timeout,0.05,fixed_timeout
2,hol_age_diagnostic_512_20260728,warmup,1,70,18.4 (Ubuntu 18.4-1.pgdg22.04+1),0.8.5,fixed_timeout,50.0,50.0,0.0005,50,6.393552990630269,1,548,2.897052990272641,wait,fixed_timeout_wait,0.05,fixed_timeout
2,hol_age_diagnostic_512_20260728,warmup,1,70,18.4 (Ubuntu 18.4-1.pgdg22.04+1),0.8.5,fixed_timeout,50.0,50.0,0.0005,51,6.393601389601827,1,548,2.897101389244199,flush,fixed_timeout,0.05,fixed_timeout
2,hol_age_diagnostic_512_20260728,warmup,1,70,18.4 (Ubuntu 18.4-1.pgdg22.04+1),0.8.5,fixed_timeout,50.0,50.0,0.0005,52,6.478214452043176,1,520,2.759714452549815,wait,fixed_timeout_wait,0.05,fixed_timeout
2,hol_age_diagnostic_512_20260728,warmup,1,70,18.4 (Ubuntu 18.4-1.pgdg22.04+1),0.8.5,fixed_timeout,50.0,50.0,0.0005,53,6.4782324600964785,1,520,2.759732460603118,flush,fixed_timeout,0.05,fixed_timeout
2,hol_age_diagnostic_512_20260728,warmup,1,70,18.4 (Ubuntu 18.4-1.pgdg22.04+1),0.8.5,fixed_timeout,50.0,50.0,0.0005,54,6.490394238382578,1,528,2.501894237473607,wait,fixed_timeout_wait,0.05,fixed_timeout
2,hol_age_diagnostic_512_20260728,warmup,1,70,18.4 (Ubuntu 18.4-1.pgdg22.04+1),0.8.5,fixed_timeout,50.0,50.0,0.0005,55,6.4904192853719,2,1064,2.5019192844629288,flush,fixed_timeout,0.05,fixed_timeout
2,hol_age_diagnostic_512_20260728,warmup,1,70,18.4 (Ubuntu 18.4-1.pgdg22.04+1),0.8.5,fixed_timeout,50.0,50.0,0.0005,56,6.567016962915659,1,522,2.5065169632434845,wait,fixed_timeout_wait,0.05,fixed_timeout
2,hol_age_diagnostic_512_20260728,warmup,1,70,18.4 (Ubuntu 18.4-1.pgdg22.04+1),0.8.5,fixed_timeout,50.0,50.0,0.0005,57,6.567037442699075,3,2091,2.5065374430269003,flush,fixed_timeout,0.05,fixed_timeout
2,hol_age_diagnostic_512_20260728,warmup,1,70,18.4 (Ubuntu 18.4-1.pgdg22.04+1),0.8.5,fixed_timeout,50.0,50.0,0.0005,58,6.668893463909626,1,693,2.5423934645950794,wait,fixed_timeout_wait,0.05,fixed_timeout
2,hol_age_diagnostic_512_20260728,warmup,1,70,18.4 (Ubuntu 18.4-1.pgdg22.04+1),0.8.5,fixed_timeout,50.0,50.0,0.0005,59,6.668907513841987,1,693,2.54240751452744,flush,fixed_timeout,0.05,fixed_timeout
2,hol_age_diagnostic_512_20260728,warmup,1,70,18.4 (Ubuntu 18.4-1.pgdg22.04+1),0.8.5,fixed_timeout,50.0,50.0,0.0005,60,6.675044182687998,1,521,2.337044183164835,wait,fixed_timeout_wait,0.05,fixed_timeout
2,hol_age_diagnostic_512_20260728,warmup,1,70,18.4 (Ubuntu 18.4-1.pgdg22.04+1),0.8.5,fixed_timeout,50.0,50.0,0.0005,61,6.675058847293258,1,521,2.337058847770095,flush,fixed_timeout,0.05,fixed_timeout
2,hol_age_diagnostic_512_20260728,warmup,1,70,18.4 (Ubuntu 18.4-1.pgdg22.04+1),0.8.5,fixed_timeout,50.0,50.0,0.0005,62,6.879401853308082,1,520,2.490901853889227,wait,fixed_timeout_wait,0.05,fixed_timeout
2,hol_age_diagnostic_512_20260728,warmup,1,70,18.4 (Ubuntu 18.4-1.pgdg22.04+1),0.8.5,fixed_timeout,50.0,50.0,0.0005,63,6.87942392192781,1,520,2.490923922508955,flush,fixed_timeout,0.05,fixed_timeout
2,hol_age_diagnostic_512_20260728,warmup,1,70,18.4 (Ubuntu 18.4-1.pgdg22.04+1),0.8.5,fixed_timeout,50.0,50.0,0.0005,64,6.930868158116937,1,526,2.4388681575655937,wait,fixed_timeout_wait,0.05,fixed_timeout
2,hol_age_diagnostic_512_20260728,warmup,1,70,18.4 (Ubuntu 18.4-1.pgdg22.04+1),0.8.5,fixed_timeout,50.0,50.0,0.0005,65,6.930904878303409,2,1081,2.4389048777520657,flush,fixed_timeout,0.05,fixed_timeout
2,hol_age_diagnostic_512_20260728,warmup,1,70,18.4 (Ubuntu 18.4-1.pgdg22.04+1),0.8.5,fixed_timeout,50.0,50.0,0.0005,66,7.0783360451459885,1,536,2.371836045756936,wait,fixed_timeout_wait,0.05,fixed_timeout
2,hol_age_diagnostic_512_20260728,warmup,1,70,18.4 (Ubuntu 18.4-1.pgdg22.04+1),0.8.5,fixed_timeout,50.0,50.0,0.0005,67,7.078358834609389,1,536,2.371858835220337,flush,fixed_timeout,0.05,fixed_timeout
2,hol_age_diagnostic_512_20260728,warmup,1,70,18.4 (Ubuntu 18.4-1.pgdg22.04+1),0.8.5,fixed_timeout,50.0,50.0,0.0005,68,7.496822917833924,1,541,2.3968229182064533,wait,fixed_timeout_wait,0.05,fixed_timeout
2,hol_age_diagnostic_512_20260728,warmup,1,70,18.4 (Ubuntu 18.4-1.pgdg22.04+1),0.8.5,fixed_timeout,50.0,50.0,0.0005,69,7.49685681797564,1,541,2.3968568183481693,flush,fixed_timeout,0.05,fixed_timeout
2,hol_age_diagnostic_512_20260728,warmup,1,70,18.4 (Ubuntu 18.4-1.pgdg22.04+1),0.8.5,fixed_timeout,50.0,50.0,0.0005,70,7.5999688021838665,1,526,2.3954688012599945,wait,fixed_timeout_wait,0.05,fixed_timeout
2,hol_age_diagnostic_512_20260728,warmup,1,70,18.4 (Ubuntu 18.4-1.pgdg22.04+1),0.8.5,fixed_timeout,50.0,50.0,0.0005,71,7.599999096244574,2,1072,2.3954990953207016,flush,fixed_timeout,0.05,fixed_timeout
2,hol_age_diagnostic_512_20260728,warmup,1,70,18.4 (Ubuntu 18.4-1.pgdg22.04+1),0.8.5,fixed_timeout,50.0,50.0,0.0005,72,7.673188166692853,1,523,2.3871881663799286,wait,fixed_timeout_wait,0.05,fixed_timeout
2,hol_age_diagnostic_512_20260728,warmup,1,70,18.4 (Ubuntu 18.4-1.pgdg22.04+1),0.8.5,fixed_timeout,50.0,50.0,0.0005,73,7.673226045444608,5,3344,2.3872260451316833,flush,fixed_timeout,0.05,fixed_timeout
2,hol_age_diagnostic_512_20260728,warmup,1,70,18.4 (Ubuntu 18.4-1.pgdg22.04+1),0.8.5,fixed_timeout,50.0,50.0,0.0005,74,7.747335562482476,1,645,2.3798355627804995,wait,fixed_timeout_wait,0.05,fixed_timeout
2,hol_age_diagnostic_512_20260728,warmup,1,70,18.4 (Ubuntu 18.4-1.pgdg22.04+1),0.8.5,fixed_timeout,50.0,50.0,0.0005,75,7.747368661686778,5,2781,2.3798686619848013,flush,fixed_timeout,0.05,fixed_timeout
2,hol_age_diagnostic_512_20260728,warmup,1,70,18.4 (Ubuntu 18.4-1.pgdg22.04+1),0.8.5,fixed_timeout,50.0,50.0,0.0005,76,7.996994916349649,1,535,2.524994917213917,wait,fixed_timeout_wait,0.05,fixed_timeout
2,hol_age_diagnostic_512_20260728,warmup,1,70,18.4 (Ubuntu 18.4-1.pgdg22.04+1),0.8.5,fixed_timeout,50.0,50.0,0.0005,77,7.997031789273024,2,2059,2.525031790137291,flush,fixed_timeout,0.05,fixed_timeout
2,hol_age_diagnostic_512_20260728,warmup,1,70,18.4 (Ubuntu 18.4-1.pgdg22.04+1),0.8.5,fixed_timeout,50.0,50.0,0.0005,78,8.0350450463593,1,799,2.4895450472831726,wait,fixed_timeout_wait,0.05,fixed_timeout
2,hol_age_diagnostic_512_20260728,warmup,1,70,18.4 (Ubuntu 18.4-1.pgdg22.04+1),0.8.5,fixed_timeout,50.0,50.0,0.0005,79,8.03506825491786,1,799,2.489568255841732,flush,fixed_timeout,0.05,fixed_timeout
2,hol_age_diagnostic_512_20260728,warmup,1,70,18.4 (Ubuntu 18.4-1.pgdg22.04+1),0.8.5,fixed_timeout,50.0,50.0,0.0005,80,8.161925109103322,1,561,2.4589251093566418,wait,fixed_timeout_wait,0.05,fixed_timeout
2,hol_age_diagnostic_512_20260728,warmup,1,70,18.4 (Ubuntu 18.4-1.pgdg22.04+1),0.8.5,fixed_timeout,50.0,50.0,0.0005,81,8.161953652277589,1,561,2.4589536525309086,flush,fixed_timeout,0.05,fixed_timeout
2,hol_age_diagnostic_512_20260728,warmup,1,70,18.4 (Ubuntu 18.4-1.pgdg22.04+1),0.8.5,fixed_timeout,50.0,50.0,0.0005,82,8.163169987499714,1,519,2.4071699883788824,wait,fixed_timeout_wait,0.05,fixed_timeout
2,hol_age_diagnostic_512_20260728,warmup,1,70,18.4 (Ubuntu 18.4-1.pgdg22.04+1),0.8.5,fixed_timeout,50.0,50.0,0.0005,83,8.163191998377442,2,1371,2.407191999256611,flush,fixed_timeout,0.05,fixed_timeout
2,hol_age_diagnostic_512_20260728,warmup,1,70,18.4 (Ubuntu 18.4-1.pgdg22.04+1),0.8.5,fixed_timeout,50.0,50.0,0.0005,84,8.570207457989454,1,531,2.751707458868623,wait,fixed_timeout_wait,0.05,fixed_timeout
2,hol_age_diagnostic_512_20260728,warmup,1,70,18.4 (Ubuntu 18.4-1.pgdg22.04+1),0.8.5,fixed_timeout,50.0,50.0,0.0005,85,8.570237446576357,1,531,2.7517374474555254,flush,fixed_timeout,0.05,fixed_timeout
2,hol_age_diagnostic_512_20260728,warmup,1,70,18.4 (Ubuntu 18.4-1.pgdg22.04+1),0.8.5,fixed_timeout,50.0,50.0,0.0005,86,8.679331798106432,1,918,2.7733317986130714,wait,fixed_timeout_wait,0.05,fixed_timeout
2,hol_age_diagnostic_512_20260728,warmup,1,70,18.4 (Ubuntu 18.4-1.pgdg22.04+1),0.8.5,fixed_timeout,50.0,50.0,0.0005,87,8.679360162466764,2,1431,2.773360162973404,flush,fixed_timeout,0.05,fixed_timeout
2,hol_age_diagnostic_512_20260728,warmup,1,70,18.4 (Ubuntu 18.4-1.pgdg22.04+1),0.8.5,fixed_timeout,50.0,50.0,0.0005,88,8.871052697300911,1,518,2.5935526974499226,wait,fixed_timeout_wait,0.05,fixed_timeout
2,hol_age_diagnostic_512_20260728,warmup,1,70,18.4 (Ubuntu 18.4-1.pgdg22.04+1),0.8.5,fixed_timeout,50.0,50.0,0.0005,89,8.871080178767443,1,518,2.5935801789164543,flush,fixed_timeout,0.05,fixed_timeout
2,hol_age_diagnostic_512_20260728,warmup,1,70,18.4 (Ubuntu 18.4-1.pgdg22.04+1),0.8.5,fixed_timeout,50.0,50.0,0.0005,90,8.884105954319239,1,515,1.5776059534400702,wait,fixed_timeout_wait,0.05,fixed_timeout
2,hol_age_diagnostic_512_20260728,warmup,1,70,18.4 (Ubuntu 18.4-1.pgdg22.04+1),0.8.5,fixed_timeout,50.0,50.0,0.0005,91,8.884124729782343,1,515,1.5776247289031744,flush,fixed_timeout,0.05,fixed_timeout
2,hol_age_diagnostic_512_20260728,warmup,1,70,18.4 (Ubuntu 18.4-1.pgdg22.04+1),0.8.5,fixed_timeout,50.0,50.0,0.0005,92,9.507641013711691,1,513,0.00014101341366767883,wait,fixed_timeout_wait,0.05,fixed_timeout
2,hol_age_diagnostic_512_20260728,warmup,1,70,18.4 (Ubuntu 18.4-1.pgdg22.04+1),0.8.5,fixed_timeout,50.0,50.0,0.0005,93,9.557565720751882,2,1093,0.050065720453858376,flush,fixed_timeout,0.05,fixed_timeout
2,hol_age_diagnostic_512_20260728,warmup,1,70,18.4 (Ubuntu 18.4-1.pgdg22.04+1),0.8.5,fixed_timeout,50.0,50.0,0.0005,94,9.747132401913404,1,530,0.00013240240514278412,wait,fixed_timeout_wait,0.05,fixed_timeout
2,hol_age_diagnostic_512_20260728,warmup,1,70,18.4 (Ubuntu 18.4-1.pgdg22.04+1),0.8.5,fixed_timeout,50.0,50.0,0.0005,95,9.797071874141693,1,530,0.050071874633431435,flush,fixed_timeout,0.05,fixed_timeout
2,hol_age_diagnostic_512_20260728,warmup,1,70,18.4 (Ubuntu 18.4-1.pgdg22.04+1),0.8.5,fixed_timeout,50.0,50.0,0.0005,96,9.800662031397223,1,519,0.002662030979990959,wait,fixed_timeout_wait,0.05,fixed_timeout
2,hol_age_diagnostic_512_20260728,warmup,1,70,18.4 (Ubuntu 18.4-1.pgdg22.04+1),0.8.5,fixed_timeout,50.0,50.0,0.0005,97,9.848086453974247,1,519,0.050086453557014465,flush,fixed_timeout,0.05,fixed_timeout
2,hol_age_diagnostic_512_20260728,warmup,1,70,18.4 (Ubuntu 18.4-1.pgdg22.04+1),0.8.5,fixed_timeout,50.0,50.0,0.0005,98,10.141640949994326,1,586,0.00014095008373260498,wait,fixed_timeout_wait,0.05,fixed_timeout
2,hol_age_diagnostic_512_20260728,warmup,1,70,18.4 (Ubuntu 18.4-1.pgdg22.04+1),0.8.5,fixed_timeout,50.0,50.0,0.0005,99,10.191575961187482,1,586,0.05007596127688885,flush,fixed_timeout,0.05,fixed_timeout
2,hol_age_diagnostic_512_20260728,warmup,1,70,18.4 (Ubuntu 18.4-1.pgdg22.04+1),0.8.5,fixed_timeout,50.0,50.0,0.0005,100,13.467159973457456,1,515,0.00015997327864170074,wait,fixed_timeout_wait,0.05,fixed_timeout
2,hol_age_diagnostic_512_20260728,warmup,1,70,18.4 (Ubuntu 18.4-1.pgdg22.04+1),0.8.5,fixed_timeout,50.0,50.0,0.0005,101,13.51706475019455,2,1047,0.050064750015735626,flush,fixed_timeout,0.05,fixed_timeout
2,hol_age_diagnostic_512_20260728,warmup,1,70,18.4 (Ubuntu 18.4-1.pgdg22.04+1),0.8.5,fixed_timeout,50.0,50.0,0.0005,102,13.578614415600896,1,519,0.00011441484093666077,wait,fixed_timeout_wait,0.05,fixed_timeout
2,hol_age_diagnostic_512_20260728,warmup,1,70,18.4 (Ubuntu 18.4-1.pgdg22.04+1),0.8.5,fixed_timeout,50.0,50.0,0.0005,103,13.62857142277062,1,519,0.05007142201066017,flush,fixed_timeout,0.05,fixed_timeout
2,hol_age_diagnostic_512_20260728,warmup,1,70,18.4 (Ubuntu 18.4-1.pgdg22.04+1),0.8.5,fixed_timeout,50.0,50.0,0.0005,104,13.65110626257956,1,533,0.00010626204311847687,wait,fixed_timeout_wait,0.05,fixed_timeout
2,hol_age_diagnostic_512_20260728,warmup,1,70,18.4 (Ubuntu 18.4-1.pgdg22.04+1),0.8.5,fixed_timeout,50.0,50.0,0.0005,105,13.701070310547948,1,533,0.05007031001150608,flush,fixed_timeout,0.05,fixed_timeout
2,hol_age_diagnostic_512_20260728,warmup,1,70,18.4 (Ubuntu 18.4-1.pgdg22.04+1),0.8.5,fixed_timeout,50.0,50.0,0.0005,106,13.944613326340914,1,524,0.00011332705616950989,wait,fixed_timeout_wait,0.05,fixed_timeout
2,hol_age_diagnostic_512_20260728,warmup,1,70,18.4 (Ubuntu 18.4-1.pgdg22.04+1),0.8.5,fixed_timeout,50.0,50.0,0.0005,107,13.994568647816777,2,1067,0.05006864853203297,flush,fixed_timeout,0.05,fixed_timeout
2,hol_age_diagnostic_512_20260728,warmup,1,70,18.4 (Ubuntu 18.4-1.pgdg22.04+1),0.8.5,fixed_timeout,50.0,50.0,0.0005,108,14.192123729735613,1,515,0.00012372992932796478,wait,fixed_timeout_wait,0.05,fixed_timeout
2,hol_age_diagnostic_512_20260728,warmup,1,70,18.4 (Ubuntu 18.4-1.pgdg22.04+1),0.8.5,fixed_timeout,50.0,50.0,0.0005,109,14.242070853710175,2,1038,0.050070853903889656,flush,fixed_timeout,0.05,fixed_timeout
2,hol_age_diagnostic_512_20260728,warmup,1,70,18.4 (Ubuntu 18.4-1.pgdg22.04+1),0.8.5,fixed_timeout,50.0,50.0,0.0005,110,14.283106600865722,1,519,0.0001066010445356369,wait,fixed_timeout_wait,0.05,fixed_timeout
2,hol_age_diagnostic_512_20260728,warmup,1,70,18.4 (Ubuntu 18.4-1.pgdg22.04+1),0.8.5,fixed_timeout,50.0,50.0,0.0005,111,14.333068644627929,1,519,0.05006864480674267,flush,fixed_timeout,0.05,fixed_timeout
2,hol_age_diagnostic_512_20260728,warmup,1,70,18.4 (Ubuntu 18.4-1.pgdg22.04+1),0.8.5,fixed_timeout,50.0,50.0,0.0005,112,14.380107315257192,1,533,0.00010731443762779236,wait,fixed_timeout_wait,0.05,fixed_timeout
2,hol_age_diagnostic_512_20260728,warmup,1,70,18.4 (Ubuntu 18.4-1.pgdg22.04+1),0.8.5,fixed_timeout,50.0,50.0,0.0005,113,14.430065462365746,2,1085,0.05006546154618263,flush,fixed_timeout,0.05,fixed_timeout
2,hol_age_diagnostic_512_20260728,warmup,1,70,18.4 (Ubuntu 18.4-1.pgdg22.04+1),0.8.5,fixed_timeout,50.0,50.0,0.0005,114,14.72263621352613,1,530,0.00013621337711811066,wait,fixed_timeout_wait,0.05,fixed_timeout
2,hol_age_diagnostic_512_20260728,warmup,1,70,18.4 (Ubuntu 18.4-1.pgdg22.04+1),0.8.5,fixed_timeout,50.0,50.0,0.0005,115,14.772564370185137,2,1056,0.05006437003612518,flush,fixed_timeout,0.05,fixed_timeout
2,hol_age_diagnostic_512_20260728,warmup,1,70,18.4 (Ubuntu 18.4-1.pgdg22.04+1),0.8.5,fixed_timeout,50.0,50.0,0.0005,116,14.781582521274686,1,517,8.252076804637909e-05,wait,fixed_timeout_wait,0.05,fixed_timeout
2,hol_age_diagnostic_512_20260728,warmup,1,70,18.4 (Ubuntu 18.4-1.pgdg22.04+1),0.8.5,fixed_timeout,50.0,50.0,0.0005,117,14.83156613074243,2,1132,0.050066130235791206,flush,fixed_timeout,0.05,fixed_timeout
2,hol_age_diagnostic_512_20260728,warmup,1,70,18.4 (Ubuntu 18.4-1.pgdg22.04+1),0.8.5,fixed_timeout,50.0,50.0,0.0005,118,14.908608751371503,1,523,0.00010875053703784943,wait,fixed_timeout_wait,0.05,fixed_timeout
2,hol_age_diagnostic_512_20260728,warmup,1,70,18.4 (Ubuntu 18.4-1.pgdg22.04+1),0.8.5,fixed_timeout,50.0,50.0,0.0005,119,14.958565393462777,5,2626,0.05006539262831211,flush,fixed_timeout,0.05,fixed_timeout
2,hol_age_diagnostic_512_20260728,warmup,1,70,18.4 (Ubuntu 18.4-1.pgdg22.04+1),0.8.5,fixed_timeout,50.0,50.0,0.0005,120,14.991103099659085,1,525,0.0001030992716550827,wait,fixed_timeout_wait,0.05,fixed_timeout
2,hol_age_diagnostic_512_20260728,warmup,1,70,18.4 (Ubuntu 18.4-1.pgdg22.04+1),0.8.5,fixed_timeout,50.0,50.0,0.0005,121,15.0410674251616,3,1562,0.05006742477416992,flush,fixed_timeout,0.05,fixed_timeout
2,hol_age_diagnostic_512_20260728,warmup,1,70,18.4 (Ubuntu 18.4-1.pgdg22.04+1),0.8.5,fixed_timeout,50.0,50.0,0.0005,122,15.045574821531773,1,542,7.482245564460754e-05,wait,fixed_timeout_wait,0.05,fixed_timeout
2,hol_age_diagnostic_512_20260728,warmup,1,70,18.4 (Ubuntu 18.4-1.pgdg22.04+1),0.8.5,fixed_timeout,50.0,50.0,0.0005,123,15.09556888230145,1,542,0.05006888322532177,flush,fixed_timeout,0.05,fixed_timeout
2,hol_age_diagnostic_512_20260728,warmup,1,70,18.4 (Ubuntu 18.4-1.pgdg22.04+1),0.8.5,fixed_timeout,50.0,50.0,0.0005,124,15.159605840221047,1,521,0.00010584108531475067,wait,fixed_timeout_wait,0.05,fixed_timeout
2,hol_age_diagnostic_512_20260728,warmup,1,70,18.4 (Ubuntu 18.4-1.pgdg22.04+1),0.8.5,fixed_timeout,50.0,50.0,0.0005,125,15.210422361269593,8,4734,0.05092236213386059,flush,fixed_timeout,0.05,fixed_timeout
2,hol_age_diagnostic_512_20260728,warmup,1,70,18.4 (Ubuntu 18.4-1.pgdg22.04+1),0.8.5,fixed_timeout,50.0,50.0,0.0005,126,15.235611582174897,1,775,0.00011158175766468048,wait,fixed_timeout_wait,0.05,fixed_timeout
2,hol_age_diagnostic_512_20260728,warmup,1,70,18.4 (Ubuntu 18.4-1.pgdg22.04+1),0.8.5,fixed_timeout,50.0,50.0,0.0005,127,15.285565385594964,2,1291,0.050065385177731514,flush,fixed_timeout,0.05,fixed_timeout
2,hol_age_diagnostic_512_20260728,warmup,1,70,18.4 (Ubuntu 18.4-1.pgdg22.04+1),0.8.5,fixed_timeout,50.0,50.0,0.0005,128,15.298081861808896,1,755,8.186139166355133e-05,wait,fixed_timeout_wait,0.05,fixed_timeout
2,hol_age_diagnostic_512_20260728,warmup,1,70,18.4 (Ubuntu 18.4-1.pgdg22.04+1),0.8.5,fixed_timeout,50.0,50.0,0.0005,129,15.348071213811636,5,2976,0.05007121339440346,flush,fixed_timeout,0.05,fixed_timeout
2,hol_age_diagnostic_512_20260728,warmup,1,70,18.4 (Ubuntu 18.4-1.pgdg22.04+1),0.8.5,fixed_timeout,50.0,50.0,0.0005,130,15.395103834569454,1,521,0.00010383501648902893,wait,fixed_timeout_wait,0.05,fixed_timeout
2,hol_age_diagnostic_512_20260728,warmup,1,70,18.4 (Ubuntu 18.4-1.pgdg22.04+1),0.8.5,fixed_timeout,50.0,50.0,0.0005,131,15.445065509527922,3,1986,0.05006550997495651,flush,fixed_timeout,0.05,fixed_timeout
2,hol_age_diagnostic_512_20260728,warmup,1,70,18.4 (Ubuntu 18.4-1.pgdg22.04+1),0.8.5,fixed_timeout,50.0,50.0,0.0005,132,15.447627622634172,1,527,0.0006276220083236694,wait,fixed_timeout_wait,0.05,fixed_timeout
2,hol_age_diagnostic_512_20260728,warmup,1,70,18.4 (Ubuntu 18.4-1.pgdg22.04+1),0.8.5,fixed_timeout,50.0,50.0,0.0005,133,15.497072666883469,1,527,0.05007266625761986,flush,fixed_timeout,0.05,fixed_timeout
2,hol_age_diagnostic_512_20260728,warmup,1,70,18.4 (Ubuntu 18.4-1.pgdg22.04+1),0.8.5,fixed_timeout,50.0,50.0,0.0005,134,15.579108698293567,1,860,0.00010869838297367096,wait,fixed_timeout_wait,0.05,fixed_timeout
2,hol_age_diagnostic_512_20260728,warmup,1,70,18.4 (Ubuntu 18.4-1.pgdg22.04+1),0.8.5,fixed_timeout,50.0,50.0,0.0005,135,15.629065679386258,2,1399,0.05006567947566509,flush,fixed_timeout,0.05,fixed_timeout
2,hol_age_diagnostic_512_20260728,warmup,1,70,18.4 (Ubuntu 18.4-1.pgdg22.04+1),0.8.5,fixed_timeout,50.0,50.0,0.0005,136,15.943886078894138,1,526,0.29988607950508595,wait,fixed_timeout_wait,0.05,fixed_timeout
2,hol_age_diagnostic_512_20260728,warmup,1,70,18.4 (Ubuntu 18.4-1.pgdg22.04+1),0.8.5,fixed_timeout,50.0,50.0,0.0005,137,15.943912874907255,2,1055,0.2999128755182028,flush,fixed_timeout,0.05,fixed_timeout
2,hol_age_diagnostic_512_20260728,warmup,1,70,18.4 (Ubuntu 18.4-1.pgdg22.04+1),0.8.5,fixed_timeout,50.0,50.0,0.0005,138,16.013058016076684,1,566,0.2865580152720213,wait,fixed_timeout_wait,0.05,fixed_timeout
2,hol_age_diagnostic_512_20260728,warmup,1,70,18.4 (Ubuntu 18.4-1.pgdg22.04+1),0.8.5,fixed_timeout,50.0,50.0,0.0005,139,16.01307532005012,1,566,0.28657531924545765,flush,fixed_timeout,0.05,fixed_timeout
2,hol_age_diagnostic_512_20260728,warmup,1,70,18.4 (Ubuntu 18.4-1.pgdg22.04+1),0.8.5,fixed_timeout,50.0,50.0,0.0005,140,16.13532410003245,1,518,0.24282409995794296,wait,fixed_timeout_wait,0.05,fixed_timeout
2,hol_age_diagnostic_512_20260728,warmup,1,70,18.4 (Ubuntu 18.4-1.pgdg22.04+1),0.8.5,fixed_timeout,50.0,50.0,0.0005,141,16.135393276810646,4,2076,0.24289327673614025,flush,fixed_timeout,0.05,fixed_timeout
2,hol_age_diagnostic_512_20260728,warmup,1,70,18.4 (Ubuntu 18.4-1.pgdg22.04+1),0.8.5,fixed_timeout,50.0,50.0,0.0005,142,16.21576060168445,1,658,0.2652606014162302,wait,fixed_timeout_wait,0.05,fixed_timeout
2,hol_age_diagnostic_512_20260728,warmup,1,70,18.4 (Ubuntu 18.4-1.pgdg22.04+1),0.8.5,fixed_timeout,50.0,50.0,0.0005,143,16.215790562331676,4,2226,0.2652905620634556,flush,fixed_timeout,0.05,fixed_timeout
2,hol_age_diagnostic_512_20260728,warmup,1,70,18.4 (Ubuntu 18.4-1.pgdg22.04+1),0.8.5,fixed_timeout,50.0,50.0,0.0005,144,16.405427450314164,1,521,0.3909274507313967,wait,fixed_timeout_wait,0.05,fixed_timeout
2,hol_age_diagnostic_512_20260728,warmup,1,70,18.4 (Ubuntu 18.4-1.pgdg22.04+1),0.8.5,fixed_timeout,50.0,50.0,0.0005,145,16.40545198135078,2,1036,0.39095198176801205,flush,fixed_timeout,0.05,fixed_timeout
2,hol_age_diagnostic_512_20260728,warmup,1,70,18.4 (Ubuntu 18.4-1.pgdg22.04+1),0.8.5,fixed_timeout,50.0,50.0,0.0005,146,16.692329574376345,1,531,0.6023295745253563,wait,fixed_timeout_wait,0.05,fixed_timeout
2,hol_age_diagnostic_512_20260728,warmup,1,70,18.4 (Ubuntu 18.4-1.pgdg22.04+1),0.8.5,fixed_timeout,50.0,50.0,0.0005,147,16.6923544742167,2,1046,0.6023544743657112,flush,fixed_timeout,0.05,fixed_timeout
2,hol_age_diagnostic_512_20260728,warmup,1,70,18.4 (Ubuntu 18.4-1.pgdg22.04+1),0.8.5,fixed_timeout,50.0,50.0,0.0005,148,16.81454097479582,1,518,0.661540973931551,wait,fixed_timeout_wait,0.05,fixed_timeout
2,hol_age_diagnostic_512_20260728,warmup,1,70,18.4 (Ubuntu 18.4-1.pgdg22.04+1),0.8.5,fixed_timeout,50.0,50.0,0.0005,149,16.814573941752315,2,1749,0.6615739408880472,flush,fixed_timeout,0.05,fixed_timeout
2,hol_age_diagnostic_512_20260728,warmup,1,70,18.4 (Ubuntu 18.4-1.pgdg22.04+1),0.8.5,fixed_timeout,50.0,50.0,0.0005,150,16.976650027558208,1,520,0.7351500280201435,wait,fixed_timeout_wait,0.05,fixed_timeout
2,hol_age_diagnostic_512_20260728,warmup,1,70,18.4 (Ubuntu 18.4-1.pgdg22.04+1),0.8.5,fixed_timeout,50.0,50.0,0.0005,151,16.97668177448213,3,1663,0.735181774944067,flush,fixed_timeout,0.05,fixed_timeout
2,hol_age_diagnostic_512_20260728,warmup,1,70,18.4 (Ubuntu 18.4-1.pgdg22.04+1),0.8.5,fixed_timeout,50.0,50.0,0.0005,152,16.980361446738243,1,662,0.6833614464849234,wait,fixed_timeout_wait,0.05,fixed_timeout
2,hol_age_diagnostic_512_20260728,warmup,1,70,18.4 (Ubuntu 18.4-1.pgdg22.04+1),0.8.5,fixed_timeout,50.0,50.0,0.0005,153,16.9804029725492,9,5040,0.6834029722958803,flush,fixed_timeout,0.05,fixed_timeout
2,hol_age_diagnostic_512_20260728,warmup,1,70,18.4 (Ubuntu 18.4-1.pgdg22.04+1),0.8.5,fixed_timeout,50.0,50.0,0.0005,154,17.346888409927487,1,518,0.9393884092569351,wait,fixed_timeout_wait,0.05,fixed_timeout
2,hol_age_diagnostic_512_20260728,warmup,1,70,18.4 (Ubuntu 18.4-1.pgdg22.04+1),0.8.5,fixed_timeout,50.0,50.0,0.0005,155,17.346909319981933,1,518,0.9394093193113804,flush,fixed_timeout,0.05,fixed_timeout
2,hol_age_diagnostic_512_20260728,warmup,1,70,18.4 (Ubuntu 18.4-1.pgdg22.04+1),0.8.5,fixed_timeout,50.0,50.0,0.0005,156,17.35775230638683,1,1419,0.8872523065656424,wait,fixed_timeout_wait,0.05,fixed_timeout
2,hol_age_diagnostic_512_20260728,warmup,1,70,18.4 (Ubuntu 18.4-1.pgdg22.04+1),0.8.5,fixed_timeout,50.0,50.0,0.0005,157,17.357802784070373,4,2993,0.8873027842491865,flush,fixed_timeout,0.05,fixed_timeout
2,hol_age_diagnostic_512_20260728,warmup,1,70,18.4 (Ubuntu 18.4-1.pgdg22.04+1),0.8.5,fixed_timeout,50.0,50.0,0.0005,158,17.67522100172937,1,622,1.1437210012227297,wait,fixed_timeout_wait,0.05,fixed_timeout
2,hol_age_diagnostic_512_20260728,warmup,1,70,18.4 (Ubuntu 18.4-1.pgdg22.04+1),0.8.5,fixed_timeout,50.0,50.0,0.0005,159,17.675250835716724,3,1663,1.143750835210085,flush,fixed_timeout,0.05,fixed_timeout
2,hol_age_diagnostic_512_20260728,warmup,1,70,18.4 (Ubuntu 18.4-1.pgdg22.04+1),0.8.5,fixed_timeout,50.0,50.0,0.0005,160,17.745767582207918,1,1629,1.1452675815671682,wait,fixed_timeout_wait,0.05,fixed_timeout
2,hol_age_diagnostic_512_20260728,warmup,1,70,18.4 (Ubuntu 18.4-1.pgdg22.04+1),0.8.5,fixed_timeout,50.0,50.0,0.0005,161,17.74579749442637,1,1629,1.1452974937856197,flush,fixed_timeout,0.05,fixed_timeout
2,hol_age_diagnostic_512_20260728,warmup,1,70,18.4 (Ubuntu 18.4-1.pgdg22.04+1),0.8.5,fixed_timeout,50.0,50.0,0.0005,162,17.88551914691925,1,915,1.2320191469043493,wait,fixed_timeout_wait,0.05,fixed_timeout
2,hol_age_diagnostic_512_20260728,warmup,1,70,18.4 (Ubuntu 18.4-1.pgdg22.04+1),0.8.5,fixed_timeout,50.0,50.0,0.0005,163,17.88557077012956,6,3638,1.2320707701146603,flush,fixed_timeout,0.05,fixed_timeout
2,hol_age_diagnostic_512_20260728,warmup,1,70,18.4 (Ubuntu 18.4-1.pgdg22.04+1),0.8.5,fixed_timeout,50.0,50.0,0.0005,164,18.04361560381949,1,541,1.3396156039088964,wait,fixed_timeout_wait,0.05,fixed_timeout
2,hol_age_diagnostic_512_20260728,warmup,1,70,18.4 (Ubuntu 18.4-1.pgdg22.04+1),0.8.5,fixed_timeout,50.0,50.0,0.0005,165,18.043660204857588,6,5571,1.3396602049469948,flush,fixed_timeout,0.05,fixed_timeout
2,hol_age_diagnostic_512_20260728,warmup,1,70,18.4 (Ubuntu 18.4-1.pgdg22.04+1),0.8.5,fixed_timeout,50.0,50.0,0.0005,166,18.18461560457945,1,521,1.4236156046390533,wait,fixed_timeout_wait,0.05,fixed_timeout
2,hol_age_diagnostic_512_20260728,warmup,1,70,18.4 (Ubuntu 18.4-1.pgdg22.04+1),0.8.5,fixed_timeout,50.0,50.0,0.0005,167,18.184649406000972,3,1654,1.4236494060605764,flush,fixed_timeout,0.05,fixed_timeout
2,hol_age_diagnostic_512_20260728,warmup,1,70,18.4 (Ubuntu 18.4-1.pgdg22.04+1),0.8.5,fixed_timeout,50.0,50.0,0.0005,168,18.233387637883425,1,1262,1.419887637719512,wait,fixed_timeout_wait,0.05,fixed_timeout
2,hol_age_diagnostic_512_20260728,warmup,1,70,18.4 (Ubuntu 18.4-1.pgdg22.04+1),0.8.5,fixed_timeout,50.0,50.0,0.0005,169,18.233418313786387,4,3480,1.4199183136224747,flush,fixed_timeout,0.05,fixed_timeout
2,hol_age_diagnostic_512_20260728,warmup,1,70,18.4 (Ubuntu 18.4-1.pgdg22.04+1),0.8.5,fixed_timeout,50.0,50.0,0.0005,170,18.314861323684454,1,557,1.443861324340105,wait,fixed_timeout_wait,0.05,fixed_timeout
2,hol_age_diagnostic_512_20260728,warmup,1,70,18.4 (Ubuntu 18.4-1.pgdg22.04+1),0.8.5,fixed_timeout,50.0,50.0,0.0005,171,18.31488798186183,3,2178,1.4438879825174809,flush,fixed_timeout,0.05,fixed_timeout
2,hol_age_diagnostic_512_20260728,warmup,1,70,18.4 (Ubuntu 18.4-1.pgdg22.04+1),0.8.5,fixed_timeout,50.0,50.0,0.0005,172,18.800723031163216,1,607,1.878223031759262,wait,fixed_timeout_wait,0.05,fixed_timeout
2,hol_age_diagnostic_512_20260728,warmup,1,70,18.4 (Ubuntu 18.4-1.pgdg22.04+1),0.8.5,fixed_timeout,50.0,50.0,0.0005,173,18.800782473757863,2,1128,1.8782824743539095,flush,fixed_timeout,0.05,fixed_timeout
2,hol_age_diagnostic_512_20260728,warmup,1,70,18.4 (Ubuntu 18.4-1.pgdg22.04+1),0.8.5,fixed_timeout,50.0,50.0,0.0005,174,18.945689337328076,1,532,1.9406893365085125,wait,fixed_timeout_wait,0.05,fixed_timeout
2,hol_age_diagnostic_512_20260728,warmup,1,70,18.4 (Ubuntu 18.4-1.pgdg22.04+1),0.8.5,fixed_timeout,50.0,50.0,0.0005,175,18.94576477445662,10,5717,1.9407647736370564,flush,token_budget_membership,0.05,fixed_timeout
2,hol_age_diagnostic_512_20260728,warmup,1,70,18.4 (Ubuntu 18.4-1.pgdg22.04+1),0.8.5,fixed_timeout,50.0,50.0,0.0005,176,19.029636438935995,1,551,1.979636438190937,wait,fixed_timeout_wait,0.05,fixed_timeout
2,hol_age_diagnostic_512_20260728,warmup,1,70,18.4 (Ubuntu 18.4-1.pgdg22.04+1),0.8.5,fixed_timeout,50.0,50.0,0.0005,177,19.029669925570488,6,6125,1.97966992482543,flush,token_budget_membership,0.05,fixed_timeout
2,hol_age_diagnostic_512_20260728,warmup,1,70,18.4 (Ubuntu 18.4-1.pgdg22.04+1),0.8.5,fixed_timeout,50.0,50.0,0.0005,178,19.251181732863188,1,1533,2.167181732133031,wait,fixed_timeout_wait,0.05,fixed_timeout
2,hol_age_diagnostic_512_20260728,warmup,1,70,18.4 (Ubuntu 18.4-1.pgdg22.04+1),0.8.5,fixed_timeout,50.0,50.0,0.0005,179,19.25121465884149,5,5655,2.167214658111334,flush,token_budget_membership,0.05,fixed_timeout
2,hol_age_diagnostic_512_20260728,warmup,1,70,18.4 (Ubuntu 18.4-1.pgdg22.04+1),0.8.5,fixed_timeout,50.0,50.0,0.0005,180,19.57480075955391,1,1548,2.4408007599413395,wait,fixed_timeout_wait,0.05,fixed_timeout
2,hol_age_diagnostic_512_20260728,warmup,1,70,18.4 (Ubuntu 18.4-1.pgdg22.04+1),0.8.5,fixed_timeout,50.0,50.0,0.0005,181,19.574841529130936,7,6126,2.440841529518366,flush,token_budget_membership,0.05,fixed_timeout
2,hol_age_diagnostic_512_20260728,warmup,1,70,18.4 (Ubuntu 18.4-1.pgdg22.04+1),0.8.5,fixed_timeout,50.0,50.0,0.0005,182,19.83728806115687,1,523,2.6477880608290434,wait,fixed_timeout_wait,0.05,fixed_timeout
2,hol_age_diagnostic_512_20260728,warmup,1,70,18.4 (Ubuntu 18.4-1.pgdg22.04+1),0.8.5,fixed_timeout,50.0,50.0,0.0005,183,19.837317934259772,4,2678,2.6478179339319468,flush,fixed_timeout,0.05,fixed_timeout
2,hol_age_diagnostic_512_20260728,warmup,1,70,18.4 (Ubuntu 18.4-1.pgdg22.04+1),0.8.5,fixed_timeout,50.0,50.0,0.0005,184,20.08687944151461,1,518,2.8268794417381287,wait,fixed_timeout_wait,0.05,fixed_timeout
2,hol_age_diagnostic_512_20260728,warmup,1,70,18.4 (Ubuntu 18.4-1.pgdg22.04+1),0.8.5,fixed_timeout,50.0,50.0,0.0005,185,20.086922938004136,6,4003,2.8269229382276535,flush,fixed_timeout,0.05,fixed_timeout
2,hol_age_diagnostic_512_20260728,warmup,1,70,18.4 (Ubuntu 18.4-1.pgdg22.04+1),0.8.5,fixed_timeout,50.0,50.0,0.0005,186,20.089804869145155,1,691,2.752304868772626,wait,fixed_timeout_wait,0.05,fixed_timeout
2,hol_age_diagnostic_512_20260728,warmup,1,70,18.4 (Ubuntu 18.4-1.pgdg22.04+1),0.8.5,fixed_timeout,50.0,50.0,0.0005,187,20.089832421392202,4,2522,2.7523324210196733,flush,fixed_timeout,0.05,fixed_timeout
2,hol_age_diagnostic_512_20260728,warmup,1,70,18.4 (Ubuntu 18.4-1.pgdg22.04+1),0.8.5,fixed_timeout,50.0,50.0,0.0005,188,20.534811429679394,1,743,3.1363114304840565,wait,fixed_timeout_wait,0.05,fixed_timeout
2,hol_age_diagnostic_512_20260728,warmup,1,70,18.4 (Ubuntu 18.4-1.pgdg22.04+1),0.8.5,fixed_timeout,50.0,50.0,0.0005,189,20.534850612282753,8,4558,3.1363506130874157,flush,fixed_timeout,0.05,fixed_timeout
2,hol_age_diagnostic_512_20260728,warmup,1,70,18.4 (Ubuntu 18.4-1.pgdg22.04+1),0.8.5,fixed_timeout,50.0,50.0,0.0005,190,20.87329149991274,1,522,3.4202915001660585,wait,fixed_timeout_wait,0.05,fixed_timeout
2,hol_age_diagnostic_512_20260728,warmup,1,70,18.4 (Ubuntu 18.4-1.pgdg22.04+1),0.8.5,fixed_timeout,50.0,50.0,0.0005,191,20.873323997482657,6,3145,3.420323997735977,flush,fixed_timeout,0.05,fixed_timeout
2,hol_age_diagnostic_512_20260728,warmup,1,70,18.4 (Ubuntu 18.4-1.pgdg22.04+1),0.8.5,fixed_timeout,50.0,50.0,0.0005,192,20.923922564834356,1,543,3.4184225648641586,wait,fixed_timeout_wait,0.05,fixed_timeout
2,hol_age_diagnostic_512_20260728,warmup,1,70,18.4 (Ubuntu 18.4-1.pgdg22.04+1),0.8.5,fixed_timeout,50.0,50.0,0.0005,193,20.923952413722873,4,3650,3.418452413752675,flush,fixed_timeout,0.05,fixed_timeout
2,hol_age_diagnostic_512_20260728,warmup,1,70,18.4 (Ubuntu 18.4-1.pgdg22.04+1),0.8.5,fixed_timeout,50.0,50.0,0.0005,194,20.980911564081907,1,546,3.4174115639179945,wait,fixed_timeout_wait,0.05,fixed_timeout
2,hol_age_diagnostic_512_20260728,warmup,1,70,18.4 (Ubuntu 18.4-1.pgdg22.04+1),0.8.5,fixed_timeout,50.0,50.0,0.0005,195,20.98095299489796,10,5408,3.417452994734049,flush,fixed_timeout,0.05,fixed_timeout
2,hol_age_diagnostic_512_20260728,warmup,1,70,18.4 (Ubuntu 18.4-1.pgdg22.04+1),0.8.5,fixed_timeout,50.0,50.0,0.0005,196,21.00813894532621,1,520,3.3931389451026917,wait,fixed_timeout_wait,0.05,fixed_timeout
2,hol_age_diagnostic_512_20260728,warmup,1,70,18.4 (Ubuntu 18.4-1.pgdg22.04+1),0.8.5,fixed_timeout,50.0,50.0,0.0005,197,21.008175749331713,8,4215,3.3931757491081953,flush,fixed_timeout,0.05,fixed_timeout
2,hol_age_diagnostic_512_20260728,warmup,1,70,18.4 (Ubuntu 18.4-1.pgdg22.04+1),0.8.5,fixed_timeout,50.0,50.0,0.0005,198,21.18843660131097,1,537,3.506436601281166,wait,fixed_timeout_wait,0.05,fixed_timeout
2,hol_age_diagnostic_512_20260728,warmup,1,70,18.4 (Ubuntu 18.4-1.pgdg22.04+1),0.8.5,fixed_timeout,50.0,50.0,0.0005,199,21.188478838652372,9,5598,3.50647883862257,flush,token_budget_membership,0.05,fixed_timeout
2,hol_age_diagnostic_512_20260728,warmup,1,70,18.4 (Ubuntu 18.4-1.pgdg22.04+1),0.8.5,fixed_timeout,50.0,50.0,0.0005,200,21.519571114331484,1,549,3.7925711143761873,wait,fixed_timeout_wait,0.05,fixed_timeout
2,hol_age_diagnostic_512_20260728,warmup,1,70,18.4 (Ubuntu 18.4-1.pgdg22.04+1),0.8.5,fixed_timeout,50.0,50.0,0.0005,201,21.51960570551455,3,1593,3.7926057055592537,flush,fixed_timeout,0.05,fixed_timeout
2,hol_age_diagnostic_512_20260728,warmup,1,70,18.4 (Ubuntu 18.4-1.pgdg22.04+1),0.8.5,fixed_timeout,50.0,50.0,0.0005,202,21.617476109415293,1,527,3.8319761101156473,wait,fixed_timeout_wait,0.05,fixed_timeout
2,hol_age_diagnostic_512_20260728,warmup,1,70,18.4 (Ubuntu 18.4-1.pgdg22.04+1),0.8.5,fixed_timeout,50.0,50.0,0.0005,203,21.61750247888267,3,1845,3.832002479583025,flush,fixed_timeout,0.05,fixed_timeout
2,hol_age_diagnostic_512_20260728,warmup,1,70,18.4 (Ubuntu 18.4-1.pgdg22.04+1),0.8.5,fixed_timeout,50.0,50.0,0.0005,204,22.125241534784436,1,584,4.254741534590721,wait,fixed_timeout_wait,0.05,fixed_timeout
2,hol_age_diagnostic_512_20260728,warmup,1,70,18.4 (Ubuntu 18.4-1.pgdg22.04+1),0.8.5,fixed_timeout,50.0,50.0,0.0005,205,22.125275483354926,6,3378,4.254775483161211,flush,fixed_timeout,0.05,fixed_timeout
2,hol_age_diagnostic_512_20260728,warmup,1,70,18.4 (Ubuntu 18.4-1.pgdg22.04+1),0.8.5,fixed_timeout,50.0,50.0,0.0005,206,22.271613474935293,1,1506,4.343613475561142,wait,fixed_timeout_wait,0.05,fixed_timeout
2,hol_age_diagnostic_512_20260728,warmup,1,70,18.4 (Ubuntu 18.4-1.pgdg22.04+1),0.8.5,fixed_timeout,50.0,50.0,0.0005,207,22.27165137976408,6,4370,4.343651380389929,flush,fixed_timeout,0.05,fixed_timeout
2,hol_age_diagnostic_512_20260728,warmup,1,70,18.4 (Ubuntu 18.4-1.pgdg22.04+1),0.8.5,fixed_timeout,50.0,50.0,0.0005,208,22.376712342724204,1,566,4.3917123433202505,wait,fixed_timeout_wait,0.05,fixed_timeout
2,hol_age_diagnostic_512_20260728,warmup,1,70,18.4 (Ubuntu 18.4-1.pgdg22.04+1),0.8.5,fixed_timeout,50.0,50.0,0.0005,209,22.37674643844366,7,3768,4.391746439039707,flush,fixed_timeout,0.05,fixed_timeout
2,hol_age_diagnostic_512_20260728,warmup,1,70,18.4 (Ubuntu 18.4-1.pgdg22.04+1),0.8.5,fixed_timeout,50.0,50.0,0.0005,210,22.650241954252124,1,537,4.604241954162717,wait,fixed_timeout_wait,0.05,fixed_timeout
2,hol_age_diagnostic_512_20260728,warmup,1,70,18.4 (Ubuntu 18.4-1.pgdg22.04+1),0.8.5,fixed_timeout,50.0,50.0,0.0005,211,22.650279061868787,7,4161,4.60427906177938,flush,fixed_timeout,0.05,fixed_timeout
2,hol_age_diagnostic_512_20260728,warmup,1,70,18.4 (Ubuntu 18.4-1.pgdg22.04+1),0.8.5,fixed_timeout,50.0,50.0,0.0005,212,22.92525622807443,1,522,4.786756228655577,wait,fixed_timeout_wait,0.05,fixed_timeout
2,hol_age_diagnostic_512_20260728,warmup,1,70,18.4 (Ubuntu 18.4-1.pgdg22.04+1),0.8.5,fixed_timeout,50.0,50.0,0.0005,213,22.925292134284973,7,3865,4.786792134866118,flush,fixed_timeout,0.05,fixed_timeout
2,hol_age_diagnostic_512_20260728,warmup,1,70,18.4 (Ubuntu 18.4-1.pgdg22.04+1),0.8.5,fixed_timeout,50.0,50.0,0.0005,214,23.142483729869127,1,527,4.952483730390668,wait,fixed_timeout_wait,0.05,fixed_timeout
2,hol_age_diagnostic_512_20260728,warmup,1,70,18.4 (Ubuntu 18.4-1.pgdg22.04+1),0.8.5,fixed_timeout,50.0,50.0,0.0005,215,23.14251872524619,5,2917,4.952518725767732,flush,fixed_timeout,0.05,fixed_timeout
2,hol_age_diagnostic_512_20260728,warmup,1,70,18.4 (Ubuntu 18.4-1.pgdg22.04+1),0.8.5,fixed_timeout,50.0,50.0,0.0005,216,23.240309266373515,1,555,4.9848092664033175,wait,fixed_timeout_wait,0.05,fixed_timeout
2,hol_age_diagnostic_512_20260728,warmup,1,70,18.4 (Ubuntu 18.4-1.pgdg22.04+1),0.8.5,fixed_timeout,50.0,50.0,0.0005,217,23.240334352478385,3,1853,4.984834352508187,flush,fixed_timeout,0.05,fixed_timeout
2,hol_age_diagnostic_512_20260728,warmup,1,70,18.4 (Ubuntu 18.4-1.pgdg22.04+1),0.8.5,fixed_timeout,50.0,50.0,0.0005,218,23.242172982543707,1,513,4.936172982677817,wait,fixed_timeout_wait,0.05,fixed_timeout
2,hol_age_diagnostic_512_20260728,warmup,1,70,18.4 (Ubuntu 18.4-1.pgdg22.04+1),0.8.5,fixed_timeout,50.0,50.0,0.0005,219,23.242213003337383,10,5290,4.936213003471494,flush,token_budget_membership,0.05,fixed_timeout
2,hol_age_diagnostic_512_20260728,warmup,1,70,18.4 (Ubuntu 18.4-1.pgdg22.04+1),0.8.5,fixed_timeout,50.0,50.0,0.0005,220,23.35635014437139,1,1448,4.989850144833326,wait,fixed_timeout_wait,0.05,fixed_timeout
2,hol_age_diagnostic_512_20260728,warmup,1,70,18.4 (Ubuntu 18.4-1.pgdg22.04+1),0.8.5,fixed_timeout,50.0,50.0,0.0005,221,23.356383077800274,5,5106,4.98988307826221,flush,token_budget_membership,0.05,fixed_timeout
2,hol_age_diagnostic_512_20260728,warmup,1,70,18.4 (Ubuntu 18.4-1.pgdg22.04+1),0.8.5,fixed_timeout,50.0,50.0,0.0005,222,23.747720759361982,1,1851,5.325220759958029,wait,fixed_timeout_wait,0.05,fixed_timeout
2,hol_age_diagnostic_512_20260728,warmup,1,70,18.4 (Ubuntu 18.4-1.pgdg22.04+1),0.8.5,fixed_timeout,50.0,50.0,0.0005,223,23.747752448543906,4,3476,5.325252449139953,flush,fixed_timeout,0.05,fixed_timeout
2,hol_age_diagnostic_512_20260728,warmup,1,70,18.4 (Ubuntu 18.4-1.pgdg22.04+1),0.8.5,fixed_timeout,50.0,50.0,0.0005,224,24.134170969948173,1,582,5.652670970186591,wait,fixed_timeout_wait,0.05,fixed_timeout
2,hol_age_diagnostic_512_20260728,warmup,1,70,18.4 (Ubuntu 18.4-1.pgdg22.04+1),0.8.5,fixed_timeout,50.0,50.0,0.0005,225,24.13421574793756,9,4881,5.652715748175979,flush,fixed_timeout,0.05,fixed_timeout
2,hol_age_diagnostic_512_20260728,warmup,1,70,18.4 (Ubuntu 18.4-1.pgdg22.04+1),0.8.5,fixed_timeout,50.0,50.0,0.0005,226,24.207902098074555,1,787,5.6699020974338055,wait,fixed_timeout_wait,0.05,fixed_timeout
2,hol_age_diagnostic_512_20260728,warmup,1,70,18.4 (Ubuntu 18.4-1.pgdg22.04+1),0.8.5,fixed_timeout,50.0,50.0,0.0005,227,24.207933286204934,6,3595,5.669933285564184,flush,fixed_timeout,0.05,fixed_timeout
2,hol_age_diagnostic_512_20260728,warmup,1,70,18.4 (Ubuntu 18.4-1.pgdg22.04+1),0.8.5,fixed_timeout,50.0,50.0,0.0005,228,24.213922433555126,1,607,5.625422433018684,wait,fixed_timeout_wait,0.05,fixed_timeout
2,hol_age_diagnostic_512_20260728,warmup,1,70,18.4 (Ubuntu 18.4-1.pgdg22.04+1),0.8.5,fixed_timeout,50.0,50.0,0.0005,229,24.21396820805967,11,6006,5.625468207523227,flush,token_budget_membership,0.05,fixed_timeout
2,hol_age_diagnostic_512_20260728,warmup,1,70,18.4 (Ubuntu 18.4-1.pgdg22.04+1),0.8.5,fixed_timeout,50.0,50.0,0.0005,230,24.290870925411582,1,590,5.656370924785733,wait,fixed_timeout_wait,0.05,fixed_timeout
2,hol_age_diagnostic_512_20260728,warmup,1,70,18.4 (Ubuntu 18.4-1.pgdg22.04+1),0.8.5,fixed_timeout,50.0,50.0,0.0005,231,24.29090967029333,8,4742,5.656409669667482,flush,fixed_timeout,0.05,fixed_timeout
2,hol_age_diagnostic_512_20260728,warmup,1,70,18.4 (Ubuntu 18.4-1.pgdg22.04+1),0.8.5,fixed_timeout,50.0,50.0,0.0005,232,24.7507686894387,1,537,6.065268689766526,wait,fixed_timeout_wait,0.05,fixed_timeout
2,hol_age_diagnostic_512_20260728,warmup,1,70,18.4 (Ubuntu 18.4-1.pgdg22.04+1),0.8.5,fixed_timeout,50.0,50.0,0.0005,233,24.750810474157333,7,4242,6.065310474485159,flush,fixed_timeout,0.05,fixed_timeout
2,hol_age_diagnostic_512_20260728,warmup,1,70,18.4 (Ubuntu 18.4-1.pgdg22.04+1),0.8.5,fixed_timeout,50.0,50.0,0.0005,234,24.83887136541307,1,571,6.100871365517378,wait,fixed_timeout_wait,0.05,fixed_timeout
2,hol_age_diagnostic_512_20260728,warmup,1,70,18.4 (Ubuntu 18.4-1.pgdg22.04+1),0.8.5,fixed_timeout,50.0,50.0,0.0005,235,24.83889853209257,4,2502,6.100898532196879,flush,fixed_timeout,0.05,fixed_timeout
2,hol_age_diagnostic_512_20260728,warmup,1,70,18.4 (Ubuntu 18.4-1.pgdg22.04+1),0.8.5,fixed_timeout,50.0,50.0,0.0005,236,25.34530565328896,1,588,6.509805653244257,wait,fixed_timeout_wait,0.05,fixed_timeout
2,hol_age_diagnostic_512_20260728,warmup,1,70,18.4 (Ubuntu 18.4-1.pgdg22.04+1),0.8.5,fixed_timeout,50.0,50.0,0.0005,237,25.34532441571355,1,588,6.509824415668845,flush,fixed_timeout,0.05,fixed_timeout
2,hol_age_diagnostic_512_20260728,warmup,1,70,18.4 (Ubuntu 18.4-1.pgdg22.04+1),0.8.5,fixed_timeout,50.0,50.0,0.0005,238,25.491403821855783,1,530,6.601403821259737,wait,fixed_timeout_wait,0.05,fixed_timeout
2,hol_age_diagnostic_512_20260728,warmup,1,70,18.4 (Ubuntu 18.4-1.pgdg22.04+1),0.8.5,fixed_timeout,50.0,50.0,0.0005,239,25.491443499922752,9,5817,6.601443499326706,flush,token_budget_membership,0.05,fixed_timeout
2,hol_age_diagnostic_512_20260728,warmup,1,70,18.4 (Ubuntu 18.4-1.pgdg22.04+1),0.8.5,fixed_timeout,50.0,50.0,0.0005,240,25.595229050144553,1,1661,6.661229049786925,wait,fixed_timeout_wait,0.05,fixed_timeout
2,hol_age_diagnostic_512_20260728,warmup,1,70,18.4 (Ubuntu 18.4-1.pgdg22.04+1),0.8.5,fixed_timeout,50.0,50.0,0.0005,241,25.59526450932026,6,4397,6.661264508962631,flush,fixed_timeout,0.05,fixed_timeout
2,hol_age_diagnostic_512_20260728,warmup,1,70,18.4 (Ubuntu 18.4-1.pgdg22.04+1),0.8.5,fixed_timeout,50.0,50.0,0.0005,242,25.868031786754727,1,522,6.8795317858457565,wait,fixed_timeout_wait,0.05,fixed_timeout
2,hol_age_diagnostic_512_20260728,warmup,1,70,18.4 (Ubuntu 18.4-1.pgdg22.04+1),0.8.5,fixed_timeout,50.0,50.0,0.0005,243,25.86808990687132,11,5984,6.879589905962348,flush,token_budget_membership,0.05,fixed_timeout
2,hol_age_diagnostic_512_20260728,warmup,1,70,18.4 (Ubuntu 18.4-1.pgdg22.04+1),0.8.5,fixed_timeout,50.0,50.0,0.0005,244,26.176028475165367,1,847,7.143528474494815,wait,fixed_timeout_wait,0.05,fixed_timeout
2,hol_age_diagnostic_512_20260728,warmup,1,70,18.4 (Ubuntu 18.4-1.pgdg22.04+1),0.8.5,fixed_timeout,50.0,50.0,0.0005,245,26.17608030512929,8,4529,7.143580304458737,flush,fixed_timeout,0.05,fixed_timeout
2,hol_age_diagnostic_512_20260728,warmup,1,70,18.4 (Ubuntu 18.4-1.pgdg22.04+1),0.8.5,fixed_timeout,50.0,50.0,0.0005,246,26.389283826574683,1,529,7.305783826857805,wait,fixed_timeout_wait,0.05,fixed_timeout
2,hol_age_diagnostic_512_20260728,warmup,1,70,18.4 (Ubuntu 18.4-1.pgdg22.04+1),0.8.5,fixed_timeout,50.0,50.0,0.0005,247,26.389314642176032,5,2636,7.305814642459154,flush,fixed_timeout,0.05,fixed_timeout
2,hol_age_diagnostic_512_20260728,warmup,1,70,18.4 (Ubuntu 18.4-1.pgdg22.04+1),0.8.5,fixed_timeout,50.0,50.0,0.0005,248,26.487371154129505,1,517,7.335371153429151,wait,fixed_timeout_wait,0.05,fixed_timeout
2,hol_age_diagnostic_512_20260728,warmup,1,70,18.4 (Ubuntu 18.4-1.pgdg22.04+1),0.8.5,fixed_timeout,50.0,50.0,0.0005,249,26.487403942272067,6,3130,7.3354039415717125,flush,fixed_timeout,0.05,fixed_timeout
2,hol_age_diagnostic_512_20260728,warmup,1,70,18.4 (Ubuntu 18.4-1.pgdg22.04+1),0.8.5,fixed_timeout,50.0,50.0,0.0005,250,26.490959567949176,1,521,7.2799595687538385,wait,fixed_timeout_wait,0.05,fixed_timeout
2,hol_age_diagnostic_512_20260728,warmup,1,70,18.4 (Ubuntu 18.4-1.pgdg22.04+1),0.8.5,fixed_timeout,50.0,50.0,0.0005,251,26.491000313311815,10,5341,7.280000314116478,flush,fixed_timeout,0.05,fixed_timeout
2,hol_age_diagnostic_512_20260728,warmup,1,70,18.4 (Ubuntu 18.4-1.pgdg22.04+1),0.8.5,fixed_timeout,50.0,50.0,0.0005,252,26.599190020933747,1,532,7.306190021336079,wait,fixed_timeout_wait,0.05,fixed_timeout
2,hol_age_diagnostic_512_20260728,warmup,1,70,18.4 (Ubuntu 18.4-1.pgdg22.04+1),0.8.5,fixed_timeout,50.0,50.0,0.0005,253,26.599223278462887,6,3398,7.306223278865218,flush,fixed_timeout,0.05,fixed_timeout
2,hol_age_diagnostic_512_20260728,warmup,1,70,18.4 (Ubuntu 18.4-1.pgdg22.04+1),0.8.5,fixed_timeout,50.0,50.0,0.0005,254,26.816859940066934,1,529,7.466359939426184,wait,fixed_timeout_wait,0.05,fixed_timeout
2,hol_age_diagnostic_512_20260728,warmup,1,70,18.4 (Ubuntu 18.4-1.pgdg22.04+1),0.8.5,fixed_timeout,50.0,50.0,0.0005,255,26.816894382238388,6,3261,7.466394381597638,flush,fixed_timeout,0.05,fixed_timeout
2,hol_age_diagnostic_512_20260728,warmup,1,70,18.4 (Ubuntu 18.4-1.pgdg22.04+1),0.8.5,fixed_timeout,50.0,50.0,0.0005,256,27.034736631438136,1,524,7.618736632168293,wait,fixed_timeout_wait,0.05,fixed_timeout
2,hol_age_diagnostic_512_20260728,warmup,1,70,18.4 (Ubuntu 18.4-1.pgdg22.04+1),0.8.5,fixed_timeout,50.0,50.0,0.0005,257,27.03477549739182,8,5139,7.618775498121977,flush,fixed_timeout,0.05,fixed_timeout
2,hol_age_diagnostic_512_20260728,warmup,1,70,18.4 (Ubuntu 18.4-1.pgdg22.04+1),0.8.5,fixed_timeout,50.0,50.0,0.0005,258,27.35839850269258,1,686,7.8818985018879175,wait,fixed_timeout_wait,0.05,fixed_timeout
2,hol_age_diagnostic_512_20260728,warmup,1,70,18.4 (Ubuntu 18.4-1.pgdg22.04+1),0.8.5,fixed_timeout,50.0,50.0,0.0005,259,27.358435789123178,6,3454,7.881935788318515,flush,fixed_timeout,0.05,fixed_timeout
2,hol_age_diagnostic_512_20260728,warmup,1,70,18.4 (Ubuntu 18.4-1.pgdg22.04+1),0.8.5,fixed_timeout,50.0,50.0,0.0005,260,27.42670819349587,1,523,7.892708193510771,wait,fixed_timeout_wait,0.05,fixed_timeout
2,hol_age_diagnostic_512_20260728,warmup,1,70,18.4 (Ubuntu 18.4-1.pgdg22.04+1),0.8.5,fixed_timeout,50.0,50.0,0.0005,261,27.426742052659392,6,3312,7.8927420526742935,flush,fixed_timeout,0.05,fixed_timeout
2,hol_age_diagnostic_512_20260728,warmup,1,70,18.4 (Ubuntu 18.4-1.pgdg22.04+1),0.8.5,fixed_timeout,50.0,50.0,0.0005,262,27.4954578820616,1,547,7.908457882702351,wait,fixed_timeout_wait,0.05,fixed_timeout
2,hol_age_diagnostic_512_20260728,warmup,1,70,18.4 (Ubuntu 18.4-1.pgdg22.04+1),0.8.5,fixed_timeout,50.0,50.0,0.0005,263,27.49549107439816,6,3145,7.90849107503891,flush,fixed_timeout,0.05,fixed_timeout
2,hol_age_diagnostic_512_20260728,warmup,1,70,18.4 (Ubuntu 18.4-1.pgdg22.04+1),0.8.5,fixed_timeout,50.0,50.0,0.0005,264,27.9547164067626,1,528,8.316716406494379,wait,fixed_timeout_wait,0.05,fixed_timeout
2,hol_age_diagnostic_512_20260728,warmup,1,70,18.4 (Ubuntu 18.4-1.pgdg22.04+1),0.8.5,fixed_timeout,50.0,50.0,0.0005,265,27.95474691875279,3,1563,8.316746918484569,flush,fixed_timeout,0.05,fixed_timeout
2,hol_age_diagnostic_512_20260728,warmup,1,70,18.4 (Ubuntu 18.4-1.pgdg22.04+1),0.8.5,fixed_timeout,50.0,50.0,0.0005,266,28.03124530054629,1,526,8.314245300367475,wait,fixed_timeout_wait,0.05,fixed_timeout
2,hol_age_diagnostic_512_20260728,warmup,1,70,18.4 (Ubuntu 18.4-1.pgdg22.04+1),0.8.5,fixed_timeout,50.0,50.0,0.0005,267,28.031287901103497,8,4641,8.314287900924683,flush,fixed_timeout,0.05,fixed_timeout
2,hol_age_diagnostic_512_20260728,warmup,1,70,18.4 (Ubuntu 18.4-1.pgdg22.04+1),0.8.5,fixed_timeout,50.0,50.0,0.0005,268,28.203633645549417,1,518,8.427133645862341,wait,fixed_timeout_wait,0.05,fixed_timeout
2,hol_age_diagnostic_512_20260728,warmup,1,70,18.4 (Ubuntu 18.4-1.pgdg22.04+1),0.8.5,fixed_timeout,50.0,50.0,0.0005,269,28.20368629321456,10,6056,8.427186293527484,flush,token_budget_membership,0.05,fixed_timeout
2,hol_age_diagnostic_512_20260728,warmup,1,70,18.4 (Ubuntu 18.4-1.pgdg22.04+1),0.8.5,fixed_timeout,50.0,50.0,0.0005,270,28.658228397369385,1,669,8.831728396937251,wait,fixed_timeout_wait,0.05,fixed_timeout
2,hol_age_diagnostic_512_20260728,warmup,1,70,18.4 (Ubuntu 18.4-1.pgdg22.04+1),0.8.5,fixed_timeout,50.0,50.0,0.0005,271,28.65826959721744,8,4366,8.831769596785307,flush,fixed_timeout,0.05,fixed_timeout
2,hol_age_diagnostic_512_20260728,warmup,1,70,18.4 (Ubuntu 18.4-1.pgdg22.04+1),0.8.5,fixed_timeout,50.0,50.0,0.0005,272,28.791649993509054,1,1655,8.913149993866682,wait,fixed_timeout_wait,0.05,fixed_timeout
2,hol_age_diagnostic_512_20260728,warmup,1,70,18.4 (Ubuntu 18.4-1.pgdg22.04+1),0.8.5,fixed_timeout,50.0,50.0,0.0005,273,28.792847499251366,3,3702,8.914347499608994,flush,end_of_input,0.05,fixed_timeout
