schema_version,experiment_id,phase,repeat_index,job_id,server_version,pgvector_version,sample_index,sample_epoch_s,gpu_metrics_status,gpu_name,gpu_utilization_pct,gpu_memory_used_mib,gpu_memory_total_mib,gpu_power_w,vllm_metrics_status,vllm_num_requests_running,vllm_num_requests_waiting,vllm_kv_cache_usage_perc
1,hol_age_diagnostic_512_20260728,formal,2,83,18.4 (Ubuntu 18.4-1.pgdg22.04+1),0.8.5,0,1785202987.6252108,snapshot,NVIDIA GeForce RTX 4090,0,23102,24564,66.07,ok,0,0,0.0
1,hol_age_diagnostic_512_20260728,formal,2,83,18.4 (Ubuntu 18.4-1.pgdg22.04+1),0.8.5,1,1785202987.9920309,snapshot,NVIDIA GeForce RTX 4090,0,23102,24564,66.07,ok,0,0,0.0
1,hol_age_diagnostic_512_20260728,formal,2,83,18.4 (Ubuntu 18.4-1.pgdg22.04+1),0.8.5,2,1785202988.316704,snapshot,NVIDIA GeForce RTX 4090,0,23102,24564,65.18,ok,0,0,0.0
1,hol_age_diagnostic_512_20260728,formal,2,83,18.4 (Ubuntu 18.4-1.pgdg22.04+1),0.8.5,3,1785202988.6589556,snapshot,NVIDIA GeForce RTX 4090,0,23102,24564,65.18,ok,0,0,0.0
1,hol_age_diagnostic_512_20260728,formal,2,83,18.4 (Ubuntu 18.4-1.pgdg22.04+1),0.8.5,4,1785202988.9830499,snapshot,NVIDIA GeForce RTX 4090,0,23102,24564,65.18,ok,0,0,0.0
1,hol_age_diagnostic_512_20260728,formal,2,83,18.4 (Ubuntu 18.4-1.pgdg22.04+1),0.8.5,5,1785202989.2929406,snapshot,NVIDIA GeForce RTX 4090,0,23102,24564,65.18,ok,0,0,0.0
1,hol_age_diagnostic_512_20260728,formal,2,83,18.4 (Ubuntu 18.4-1.pgdg22.04+1),0.8.5,6,1785202989.5939214,snapshot,NVIDIA GeForce RTX 4090,0,23102,24564,64.53,ok,0,0,0.0
1,hol_age_diagnostic_512_20260728,formal,2,83,18.4 (Ubuntu 18.4-1.pgdg22.04+1),0.8.5,7,1785202989.9128702,snapshot,NVIDIA GeForce RTX 4090,0,23102,24564,64.53,ok,0,0,0.0
1,hol_age_diagnostic_512_20260728,formal,2,83,18.4 (Ubuntu 18.4-1.pgdg22.04+1),0.8.5,8,1785202990.2338178,snapshot,NVIDIA GeForce RTX 4090,0,23102,24564,64.53,ok,0,0,0.0
1,hol_age_diagnostic_512_20260728,formal,2,83,18.4 (Ubuntu 18.4-1.pgdg22.04+1),0.8.5,9,1785202990.5967746,snapshot,NVIDIA GeForce RTX 4090,0,23102,24564,63.84,ok,0,0,0.0
1,hol_age_diagnostic_512_20260728,formal,2,83,18.4 (Ubuntu 18.4-1.pgdg22.04+1),0.8.5,10,1785202990.9363062,snapshot,NVIDIA GeForce RTX 4090,0,23102,24564,63.84,ok,0,0,0.0
1,hol_age_diagnostic_512_20260728,formal,2,83,18.4 (Ubuntu 18.4-1.pgdg22.04+1),0.8.5,11,1785202991.2585893,snapshot,NVIDIA GeForce RTX 4090,0,23102,24564,63.84,ok,0,0,0.0
1,hol_age_diagnostic_512_20260728,formal,2,83,18.4 (Ubuntu 18.4-1.pgdg22.04+1),0.8.5,12,1785202991.6135368,snapshot,NVIDIA GeForce RTX 4090,0,23102,24564,63.12,ok,0,0,0.0
1,hol_age_diagnostic_512_20260728,formal,2,83,18.4 (Ubuntu 18.4-1.pgdg22.04+1),0.8.5,13,1785202991.9306636,snapshot,NVIDIA GeForce RTX 4090,0,23102,24564,63.12,ok,0,0,0.0
1,hol_age_diagnostic_512_20260728,formal,2,83,18.4 (Ubuntu 18.4-1.pgdg22.04+1),0.8.5,14,1785202992.2628016,snapshot,NVIDIA GeForce RTX 4090,0,23102,24564,63.12,ok,0,0,0.0
1,hol_age_diagnostic_512_20260728,formal,2,83,18.4 (Ubuntu 18.4-1.pgdg22.04+1),0.8.5,15,1785202992.601893,snapshot,NVIDIA GeForce RTX 4090,0,23102,24564,62.40,ok,0,0,0.0
1,hol_age_diagnostic_512_20260728,formal,2,83,18.4 (Ubuntu 18.4-1.pgdg22.04+1),0.8.5,16,1785202992.9104726,snapshot,NVIDIA GeForce RTX 4090,0,23102,24564,62.40,ok,0,0,0.0
1,hol_age_diagnostic_512_20260728,formal,2,83,18.4 (Ubuntu 18.4-1.pgdg22.04+1),0.8.5,17,1785202993.2286322,snapshot,NVIDIA GeForce RTX 4090,0,23102,24564,62.40,ok,0,0,0.0
1,hol_age_diagnostic_512_20260728,formal,2,83,18.4 (Ubuntu 18.4-1.pgdg22.04+1),0.8.5,18,1785202993.5979915,snapshot,NVIDIA GeForce RTX 4090,0,23102,24564,55.41,ok,0,0,0.0
1,hol_age_diagnostic_512_20260728,formal,2,83,18.4 (Ubuntu 18.4-1.pgdg22.04+1),0.8.5,19,1785202993.9364285,snapshot,NVIDIA GeForce RTX 4090,0,23102,24564,55.41,ok,0,0,0.0
1,hol_age_diagnostic_512_20260728,formal,2,83,18.4 (Ubuntu 18.4-1.pgdg22.04+1),0.8.5,20,1785202994.301251,snapshot,NVIDIA GeForce RTX 4090,0,23102,24564,46.79,ok,6,0,0.0005741077408860651
1,hol_age_diagnostic_512_20260728,formal,2,83,18.4 (Ubuntu 18.4-1.pgdg22.04+1),0.8.5,21,1785202994.659784,snapshot,NVIDIA GeForce RTX 4090,100,23102,24564,87.12,ok,8,0,0.0016984020667878408
1,hol_age_diagnostic_512_20260728,formal,2,83,18.4 (Ubuntu 18.4-1.pgdg22.04+1),0.8.5,22,1785202994.9607549,snapshot,NVIDIA GeForce RTX 4090,100,23102,24564,118.89,ok,8,0,0.002224667495933419
1,hol_age_diagnostic_512_20260728,formal,2,83,18.4 (Ubuntu 18.4-1.pgdg22.04+1),0.8.5,23,1785202995.3095748,snapshot,NVIDIA GeForce RTX 4090,98,23102,24564,245.52,ok,8,0,0.0030858291072625166
1,hol_age_diagnostic_512_20260728,formal,2,83,18.4 (Ubuntu 18.4-1.pgdg22.04+1),0.8.5,24,1785202995.6161401,snapshot,NVIDIA GeForce RTX 4090,99,23102,24564,256.63,ok,8,0,0.003325040665964951
1,hol_age_diagnostic_512_20260728,formal,2,83,18.4 (Ubuntu 18.4-1.pgdg22.04+1),0.8.5,25,1785202995.9822855,snapshot,NVIDIA GeForce RTX 4090,100,23102,24564,257.49,ok,8,0,0.00351640991292701
1,hol_age_diagnostic_512_20260728,formal,2,83,18.4 (Ubuntu 18.4-1.pgdg22.04+1),0.8.5,26,1785202996.3063712,snapshot,NVIDIA GeForce RTX 4090,100,23102,24564,258.42,ok,8,0,0.0036599368481484706
1,hol_age_diagnostic_512_20260728,formal,2,83,18.4 (Ubuntu 18.4-1.pgdg22.04+1),0.8.5,27,1785202996.6728163,snapshot,NVIDIA GeForce RTX 4090,100,23102,24564,259.00,ok,7,0,0.0038991484068510163
1,hol_age_diagnostic_512_20260728,formal,2,83,18.4 (Ubuntu 18.4-1.pgdg22.04+1),0.8.5,28,1785202997.016816,snapshot,NVIDIA GeForce RTX 4090,100,23102,24564,259.76,ok,8,0,0.002487800210506208
1,hol_age_diagnostic_512_20260728,formal,2,83,18.4 (Ubuntu 18.4-1.pgdg22.04+1),0.8.5,29,1785202997.3421717,snapshot,NVIDIA GeForce RTX 4090,99,23102,24564,261.13,ok,8,0,0.002846617548559971
1,hol_age_diagnostic_512_20260728,formal,2,83,18.4 (Ubuntu 18.4-1.pgdg22.04+1),0.8.5,30,1785202997.7138135,snapshot,NVIDIA GeForce RTX 4090,100,23102,24564,260.96,ok,8,0,0.003731700315759312
1,hol_age_diagnostic_512_20260728,formal,2,83,18.4 (Ubuntu 18.4-1.pgdg22.04+1),0.8.5,31,1785202998.038221,snapshot,NVIDIA GeForce RTX 4090,100,23102,24564,260.45,ok,8,0,0.004545019615347812
1,hol_age_diagnostic_512_20260728,formal,2,83,18.4 (Ubuntu 18.4-1.pgdg22.04+1),0.8.5,32,1785202998.383721,snapshot,NVIDIA GeForce RTX 4090,99,23102,24564,264.19,ok,8,0,0.005334417759066068
1,hol_age_diagnostic_512_20260728,formal,2,83,18.4 (Ubuntu 18.4-1.pgdg22.04+1),0.8.5,33,1785202998.7564926,snapshot,NVIDIA GeForce RTX 4090,100,23102,24564,264.85,ok,7,0,0.004521098459477568
1,hol_age_diagnostic_512_20260728,formal,2,83,18.4 (Ubuntu 18.4-1.pgdg22.04+1),0.8.5,34,1785202999.0822754,snapshot,NVIDIA GeForce RTX 4090,100,23102,24564,274.20,ok,8,0,0.00954454119223036
1,hol_age_diagnostic_512_20260728,formal,2,83,18.4 (Ubuntu 18.4-1.pgdg22.04+1),0.8.5,35,1785202999.4261339,snapshot,NVIDIA GeForce RTX 4090,99,23102,24564,277.38,ok,8,0,0.011649602908812562
1,hol_age_diagnostic_512_20260728,formal,2,83,18.4 (Ubuntu 18.4-1.pgdg22.04+1),0.8.5,36,1785202999.7944112,snapshot,NVIDIA GeForce RTX 4090,99,23102,24564,278.51,ok,8,0,0.008946512295474163
1,hol_age_diagnostic_512_20260728,formal,2,83,18.4 (Ubuntu 18.4-1.pgdg22.04+1),0.8.5,37,1785203000.161355,snapshot,NVIDIA GeForce RTX 4090,100,23102,24564,267.73,ok,8,0,0.009018275763084893
1,hol_age_diagnostic_512_20260728,formal,2,83,18.4 (Ubuntu 18.4-1.pgdg22.04+1),0.8.5,38,1785203000.5029936,snapshot,NVIDIA GeForce RTX 4090,100,23102,24564,260.88,ok,7,0,0.0036120945364079837
1,hol_age_diagnostic_512_20260728,formal,2,83,18.4 (Ubuntu 18.4-1.pgdg22.04+1),0.8.5,39,1785203000.855356,snapshot,NVIDIA GeForce RTX 4090,100,23102,24564,259.16,ok,8,0,0.002583484833987182
1,hol_age_diagnostic_512_20260728,formal,2,83,18.4 (Ubuntu 18.4-1.pgdg22.04+1),0.8.5,40,1785203001.1822164,snapshot,NVIDIA GeForce RTX 4090,100,23102,24564,258.00,ok,8,0,0.003253277198354221
1,hol_age_diagnostic_512_20260728,formal,2,83,18.4 (Ubuntu 18.4-1.pgdg22.04+1),0.8.5,41,1785203001.5123239,snapshot,NVIDIA GeForce RTX 4090,100,23102,24564,258.48,ok,8,0,0.0036120945364079837
1,hol_age_diagnostic_512_20260728,formal,2,83,18.4 (Ubuntu 18.4-1.pgdg22.04+1),0.8.5,42,1785203001.8548236,snapshot,NVIDIA GeForce RTX 4090,99,23102,24564,258.15,ok,8,0,0.004497177303607325
1,hol_age_diagnostic_512_20260728,formal,2,83,18.4 (Ubuntu 18.4-1.pgdg22.04+1),0.8.5,43,1785203002.201899,snapshot,NVIDIA GeForce RTX 4090,99,23102,24564,258.34,ok,8,0,0.004401492680126351
1,hol_age_diagnostic_512_20260728,formal,2,83,18.4 (Ubuntu 18.4-1.pgdg22.04+1),0.8.5,44,1785203002.5249643,snapshot,NVIDIA GeForce RTX 4090,100,23102,24564,260.37,ok,7,0,0.003636015692278227
1,hol_age_diagnostic_512_20260728,formal,2,83,18.4 (Ubuntu 18.4-1.pgdg22.04+1),0.8.5,45,1785203002.8499227,snapshot,NVIDIA GeForce RTX 4090,100,23102,24564,259.08,ok,8,0,0.0044254138359965944
1,hol_age_diagnostic_512_20260728,formal,2,83,18.4 (Ubuntu 18.4-1.pgdg22.04+1),0.8.5,46,1785203003.219053,snapshot,NVIDIA GeForce RTX 4090,99,23102,24564,260.65,ok,8,0,0.0032771983542244643
1,hol_age_diagnostic_512_20260728,formal,2,83,18.4 (Ubuntu 18.4-1.pgdg22.04+1),0.8.5,47,1785203003.5911467,snapshot,NVIDIA GeForce RTX 4090,100,23102,24564,260.23,ok,7,0,0.0020572194048416037
1,hol_age_diagnostic_512_20260728,formal,2,83,18.4 (Ubuntu 18.4-1.pgdg22.04+1),0.8.5,48,1785203003.9551113,snapshot,NVIDIA GeForce RTX 4090,98,23102,24564,261.94,ok,8,0,0.0026074059898574253
1,hol_age_diagnostic_512_20260728,formal,2,83,18.4 (Ubuntu 18.4-1.pgdg22.04+1),0.8.5,49,1785203004.3214302,snapshot,NVIDIA GeForce RTX 4090,99,23102,24564,260.62,ok,8,0,0.003253277198354221
1,hol_age_diagnostic_512_20260728,formal,2,83,18.4 (Ubuntu 18.4-1.pgdg22.04+1),0.8.5,50,1785203004.6319265,snapshot,NVIDIA GeForce RTX 4090,100,23102,24564,259.30,ok,8,0,0.004018754186202234
1,hol_age_diagnostic_512_20260728,formal,2,83,18.4 (Ubuntu 18.4-1.pgdg22.04+1),0.8.5,51,1785203004.9369364,snapshot,NVIDIA GeForce RTX 4090,100,23102,24564,256.98,ok,8,0,0.004186202277294049
1,hol_age_diagnostic_512_20260728,formal,2,83,18.4 (Ubuntu 18.4-1.pgdg22.04+1),0.8.5,52,1785203005.242083,snapshot,NVIDIA GeForce RTX 4090,100,23102,24564,261.68,ok,8,0,0.004401492680126351
1,hol_age_diagnostic_512_20260728,formal,2,83,18.4 (Ubuntu 18.4-1.pgdg22.04+1),0.8.5,53,1785203005.5836868,snapshot,NVIDIA GeForce RTX 4090,100,23102,24564,262.51,ok,8,0,0.005238733135585094
1,hol_age_diagnostic_512_20260728,formal,2,83,18.4 (Ubuntu 18.4-1.pgdg22.04+1),0.8.5,54,1785203005.950283,snapshot,NVIDIA GeForce RTX 4090,100,23102,24564,262.75,ok,8,0,0.005334417759066068
1,hol_age_diagnostic_512_20260728,formal,2,83,18.4 (Ubuntu 18.4-1.pgdg22.04+1),0.8.5,55,1785203006.3129444,snapshot,NVIDIA GeForce RTX 4090,100,23102,24564,262.33,ok,7,0,0.00392306956272126
1,hol_age_diagnostic_512_20260728,formal,2,83,18.4 (Ubuntu 18.4-1.pgdg22.04+1),0.8.5,56,1785203006.6662478,snapshot,NVIDIA GeForce RTX 4090,97,23102,24564,261.99,ok,8,0,0.004162281121423805
1,hol_age_diagnostic_512_20260728,formal,2,83,18.4 (Ubuntu 18.4-1.pgdg22.04+1),0.8.5,57,1785203007.034368,snapshot,NVIDIA GeForce RTX 4090,100,23102,24564,262.12,ok,8,0,0.005023442732752792
1,hol_age_diagnostic_512_20260728,formal,2,83,18.4 (Ubuntu 18.4-1.pgdg22.04+1),0.8.5,58,1785203007.3646376,snapshot,NVIDIA GeForce RTX 4090,100,23102,24564,259.03,ok,6,0,0.003970911874461747
1,hol_age_diagnostic_512_20260728,formal,2,83,18.4 (Ubuntu 18.4-1.pgdg22.04+1),0.8.5,59,1785203007.6709225,snapshot,NVIDIA GeForce RTX 4090,99,23102,24564,257.55,ok,8,0,0.004855994641661088
1,hol_age_diagnostic_512_20260728,formal,2,83,18.4 (Ubuntu 18.4-1.pgdg22.04+1),0.8.5,60,1785203007.9776545,snapshot,NVIDIA GeForce RTX 4090,100,23102,24564,258.35,ok,8,0,0.0035881733805377403
1,hol_age_diagnostic_512_20260728,formal,2,83,18.4 (Ubuntu 18.4-1.pgdg22.04+1),0.8.5,61,1785203008.348618,snapshot,NVIDIA GeForce RTX 4090,100,23102,24564,258.09,ok,8,0,0.004234044589034536
1,hol_age_diagnostic_512_20260728,formal,2,83,18.4 (Ubuntu 18.4-1.pgdg22.04+1),0.8.5,62,1785203008.7106683,snapshot,NVIDIA GeForce RTX 4090,100,23102,24564,258.82,ok,8,0,0.002487800210506208
1,hol_age_diagnostic_512_20260728,formal,2,83,18.4 (Ubuntu 18.4-1.pgdg22.04+1),0.8.5,63,1785203009.059841,snapshot,NVIDIA GeForce RTX 4090,100,23102,24564,258.23,ok,8,0,0.0022485886518036624
1,hol_age_diagnostic_512_20260728,formal,2,83,18.4 (Ubuntu 18.4-1.pgdg22.04+1),0.8.5,64,1785203009.431545,snapshot,NVIDIA GeForce RTX 4090,100,23102,24564,258.54,ok,8,0,0.0026791694574681557
1,hol_age_diagnostic_512_20260728,formal,2,83,18.4 (Ubuntu 18.4-1.pgdg22.04+1),0.8.5,65,1785203009.770143,snapshot,NVIDIA GeForce RTX 4090,100,23102,24564,257.74,ok,8,0,0.003468567601186523
1,hol_age_diagnostic_512_20260728,formal,2,83,18.4 (Ubuntu 18.4-1.pgdg22.04+1),0.8.5,66,1785203010.1245446,snapshot,NVIDIA GeForce RTX 4090,100,23102,24564,258.54,ok,8,0,0.0034446464453162795
1,hol_age_diagnostic_512_20260728,formal,2,83,18.4 (Ubuntu 18.4-1.pgdg22.04+1),0.8.5,67,1785203010.471339,snapshot,NVIDIA GeForce RTX 4090,100,23102,24564,258.81,ok,8,0,0.003061907951392162
1,hol_age_diagnostic_512_20260728,formal,2,83,18.4 (Ubuntu 18.4-1.pgdg22.04+1),0.8.5,68,1785203010.7991655,snapshot,NVIDIA GeForce RTX 4090,99,23102,24564,259.58,ok,8,0,0.0031815137307434904
1,hol_age_diagnostic_512_20260728,formal,2,83,18.4 (Ubuntu 18.4-1.pgdg22.04+1),0.8.5,69,1785203011.11168,snapshot,NVIDIA GeForce RTX 4090,100,23102,24564,259.92,ok,8,0,0.002798775236819484
1,hol_age_diagnostic_512_20260728,formal,2,83,18.4 (Ubuntu 18.4-1.pgdg22.04+1),0.8.5,70,1785203011.4217498,snapshot,NVIDIA GeForce RTX 4090,100,23102,24564,259.52,ok,8,0,0.002942302172040945
1,hol_age_diagnostic_512_20260728,formal,2,83,18.4 (Ubuntu 18.4-1.pgdg22.04+1),0.8.5,71,1785203011.731044,snapshot,NVIDIA GeForce RTX 4090,98,23102,24564,258.80,ok,7,0,0.0026552483015979123
1,hol_age_diagnostic_512_20260728,formal,2,83,18.4 (Ubuntu 18.4-1.pgdg22.04+1),0.8.5,72,1785203012.061541,snapshot,NVIDIA GeForce RTX 4090,99,23102,24564,258.17,ok,8,0,0.0027270117692086426
1,hol_age_diagnostic_512_20260728,formal,2,83,18.4 (Ubuntu 18.4-1.pgdg22.04+1),0.8.5,73,1785203012.4071257,snapshot,NVIDIA GeForce RTX 4090,100,23102,24564,258.10,ok,8,0,0.0030858291072625166
1,hol_age_diagnostic_512_20260728,formal,2,83,18.4 (Ubuntu 18.4-1.pgdg22.04+1),0.8.5,74,1785203012.7573607,snapshot,NVIDIA GeForce RTX 4090,100,23102,24564,257.54,ok,8,0,0.0027270117692086426
1,hol_age_diagnostic_512_20260728,formal,2,83,18.4 (Ubuntu 18.4-1.pgdg22.04+1),0.8.5,75,1785203013.1205688,snapshot,NVIDIA GeForce RTX 4090,100,23102,24564,258.12,ok,7,0,0.002703090613338399
1,hol_age_diagnostic_512_20260728,formal,2,83,18.4 (Ubuntu 18.4-1.pgdg22.04+1),0.8.5,76,1785203013.4699306,snapshot,NVIDIA GeForce RTX 4090,100,23102,24564,258.15,ok,8,0,0.002750932925078886
1,hol_age_diagnostic_512_20260728,formal,2,83,18.4 (Ubuntu 18.4-1.pgdg22.04+1),0.8.5,77,1785203013.8141448,snapshot,NVIDIA GeForce RTX 4090,100,23102,24564,260.05,ok,8,0,0.0033011195100947077
1,hol_age_diagnostic_512_20260728,formal,2,83,18.4 (Ubuntu 18.4-1.pgdg22.04+1),0.8.5,78,1785203014.1375077,snapshot,NVIDIA GeForce RTX 4090,99,23102,24564,260.19,ok,7,0,0.002846617548559971
1,hol_age_diagnostic_512_20260728,formal,2,83,18.4 (Ubuntu 18.4-1.pgdg22.04+1),0.8.5,79,1785203014.4628022,snapshot,NVIDIA GeForce RTX 4090,100,23102,24564,264.19,ok,8,0,0.003372882977705438
1,hol_age_diagnostic_512_20260728,formal,2,83,18.4 (Ubuntu 18.4-1.pgdg22.04+1),0.8.5,80,1785203014.8145318,snapshot,NVIDIA GeForce RTX 4090,100,23102,24564,262.99,ok,8,0,0.004162281121423805
1,hol_age_diagnostic_512_20260728,formal,2,83,18.4 (Ubuntu 18.4-1.pgdg22.04+1),0.8.5,81,1785203015.1409287,snapshot,NVIDIA GeForce RTX 4090,100,23102,24564,263.58,ok,8,0,0.0030379867955219186
1,hol_age_diagnostic_512_20260728,formal,2,83,18.4 (Ubuntu 18.4-1.pgdg22.04+1),0.8.5,82,1785203015.469141,snapshot,NVIDIA GeForce RTX 4090,100,23102,24564,261.34,ok,8,0,0.0035881733805377403
1,hol_age_diagnostic_512_20260728,formal,2,83,18.4 (Ubuntu 18.4-1.pgdg22.04+1),0.8.5,83,1785203015.7943385,snapshot,NVIDIA GeForce RTX 4090,100,23102,24564,261.87,ok,8,0,0.004114438809683318
1,hol_age_diagnostic_512_20260728,formal,2,83,18.4 (Ubuntu 18.4-1.pgdg22.04+1),0.8.5,84,1785203016.1439807,snapshot,NVIDIA GeForce RTX 4090,100,23102,24564,263.44,ok,8,0,0.004903836953401575
1,hol_age_diagnostic_512_20260728,formal,2,83,18.4 (Ubuntu 18.4-1.pgdg22.04+1),0.8.5,85,1785203016.449764,snapshot,NVIDIA GeForce RTX 4090,100,23102,24564,263.47,ok,8,0,0.004616783082958542
1,hol_age_diagnostic_512_20260728,formal,2,83,18.4 (Ubuntu 18.4-1.pgdg22.04+1),0.8.5,86,1785203016.7562902,snapshot,NVIDIA GeForce RTX 4090,100,23102,24564,262.27,ok,8,0,0.0050473638886231464
1,hol_age_diagnostic_512_20260728,formal,2,83,18.4 (Ubuntu 18.4-1.pgdg22.04+1),0.8.5,87,1785203017.0796878,snapshot,NVIDIA GeForce RTX 4090,100,23102,24564,262.71,ok,8,0,0.002583484833987182
1,hol_age_diagnostic_512_20260728,formal,2,83,18.4 (Ubuntu 18.4-1.pgdg22.04+1),0.8.5,88,1785203017.4486365,snapshot,NVIDIA GeForce RTX 4090,100,23102,24564,260.90,ok,8,0,0.0024638790546359646
1,hol_age_diagnostic_512_20260728,formal,2,83,18.4 (Ubuntu 18.4-1.pgdg22.04+1),0.8.5,89,1785203017.8222797,snapshot,NVIDIA GeForce RTX 4090,99,23102,24564,260.85,ok,8,0,0.003372882977705438
1,hol_age_diagnostic_512_20260728,formal,2,83,18.4 (Ubuntu 18.4-1.pgdg22.04+1),0.8.5,90,1785203018.1525958,snapshot,NVIDIA GeForce RTX 4090,100,23102,24564,259.52,ok,8,0,0.002894459860300458
1,hol_age_diagnostic_512_20260728,formal,2,83,18.4 (Ubuntu 18.4-1.pgdg22.04+1),0.8.5,91,1785203018.4591043,snapshot,NVIDIA GeForce RTX 4090,99,23102,24564,259.68,ok,8,0,0.0028705387044302144
1,hol_age_diagnostic_512_20260728,formal,2,83,18.4 (Ubuntu 18.4-1.pgdg22.04+1),0.8.5,92,1785203018.7693205,snapshot,NVIDIA GeForce RTX 4090,99,23102,24564,258.84,ok,8,0,0.003636015692278227
1,hol_age_diagnostic_512_20260728,formal,2,83,18.4 (Ubuntu 18.4-1.pgdg22.04+1),0.8.5,93,1785203019.0796514,snapshot,NVIDIA GeForce RTX 4090,100,23102,24564,259.57,ok,8,0,0.0043775715242561075
1,hol_age_diagnostic_512_20260728,formal,2,83,18.4 (Ubuntu 18.4-1.pgdg22.04+1),0.8.5,94,1785203019.4455574,snapshot,NVIDIA GeForce RTX 4090,99,23102,24564,259.61,ok,8,0,0.003636015692278227
1,hol_age_diagnostic_512_20260728,formal,2,83,18.4 (Ubuntu 18.4-1.pgdg22.04+1),0.8.5,95,1785203019.8095002,snapshot,NVIDIA GeForce RTX 4090,99,23102,24564,262.74,ok,8,0,0.00310975026313276
1,hol_age_diagnostic_512_20260728,formal,2,83,18.4 (Ubuntu 18.4-1.pgdg22.04+1),0.8.5,96,1785203020.175589,snapshot,NVIDIA GeForce RTX 4090,100,23102,24564,262.91,ok,8,0,0.00399483303033199
1,hol_age_diagnostic_512_20260728,formal,2,83,18.4 (Ubuntu 18.4-1.pgdg22.04+1),0.8.5,97,1785203020.5078154,snapshot,NVIDIA GeForce RTX 4090,100,23102,24564,264.07,ok,8,0,0.003420725289446036
1,hol_age_diagnostic_512_20260728,formal,2,83,18.4 (Ubuntu 18.4-1.pgdg22.04+1),0.8.5,98,1785203020.8358636,snapshot,NVIDIA GeForce RTX 4090,98,23102,24564,261.36,ok,8,0,0.004305808056645266
1,hol_age_diagnostic_512_20260728,formal,2,83,18.4 (Ubuntu 18.4-1.pgdg22.04+1),0.8.5,99,1785203021.1844988,snapshot,NVIDIA GeForce RTX 4090,99,23102,24564,262.79,ok,8,0,0.004832073485790844
1,hol_age_diagnostic_512_20260728,formal,2,83,18.4 (Ubuntu 18.4-1.pgdg22.04+1),0.8.5,100,1785203021.5460088,snapshot,NVIDIA GeForce RTX 4090,100,23102,24564,262.81,ok,8,0,0.004473256147737081
1,hol_age_diagnostic_512_20260728,formal,2,83,18.4 (Ubuntu 18.4-1.pgdg22.04+1),0.8.5,101,1785203021.8887537,snapshot,NVIDIA GeForce RTX 4090,98,23102,24564,262.23,ok,8,0,0.004951679265142062
1,hol_age_diagnostic_512_20260728,formal,2,83,18.4 (Ubuntu 18.4-1.pgdg22.04+1),0.8.5,102,1785203022.2322738,snapshot,NVIDIA GeForce RTX 4090,100,23102,24564,262.25,ok,8,0,0.0024638790546359646
1,hol_age_diagnostic_512_20260728,formal,2,83,18.4 (Ubuntu 18.4-1.pgdg22.04+1),0.8.5,103,1785203022.5817757,snapshot,NVIDIA GeForce RTX 4090,100,23102,24564,262.21,ok,8,0,0.003325040665964951
1,hol_age_diagnostic_512_20260728,formal,2,83,18.4 (Ubuntu 18.4-1.pgdg22.04+1),0.8.5,104,1785203022.9228754,snapshot,NVIDIA GeForce RTX 4090,99,23102,24564,262.12,ok,8,0,0.003946990718591503
1,hol_age_diagnostic_512_20260728,formal,2,83,18.4 (Ubuntu 18.4-1.pgdg22.04+1),0.8.5,105,1785203023.2320962,snapshot,NVIDIA GeForce RTX 4090,100,23102,24564,261.21,ok,7,0,0.0033968041335756816
1,hol_age_diagnostic_512_20260728,formal,2,83,18.4 (Ubuntu 18.4-1.pgdg22.04+1),0.8.5,106,1785203023.5346007,snapshot,NVIDIA GeForce RTX 4090,100,23102,24564,265.06,ok,8,0,0.004616783082958542
1,hol_age_diagnostic_512_20260728,formal,2,83,18.4 (Ubuntu 18.4-1.pgdg22.04+1),0.8.5,107,1785203023.8662817,snapshot,NVIDIA GeForce RTX 4090,100,23102,24564,265.85,ok,8,0,0.0038991484068510163
1,hol_age_diagnostic_512_20260728,formal,2,83,18.4 (Ubuntu 18.4-1.pgdg22.04+1),0.8.5,108,1785203024.229478,snapshot,NVIDIA GeForce RTX 4090,99,23102,24564,266.62,ok,8,0,0.004090517653813075
1,hol_age_diagnostic_512_20260728,formal,2,83,18.4 (Ubuntu 18.4-1.pgdg22.04+1),0.8.5,109,1785203024.5823355,snapshot,NVIDIA GeForce RTX 4090,100,23102,24564,267.37,ok,8,0,0.005717156252990185
1,hol_age_diagnostic_512_20260728,formal,2,83,18.4 (Ubuntu 18.4-1.pgdg22.04+1),0.8.5,110,1785203024.9108698,snapshot,NVIDIA GeForce RTX 4090,98,23102,24564,266.20,ok,8,0,0.006482633240838198
1,hol_age_diagnostic_512_20260728,formal,2,83,18.4 (Ubuntu 18.4-1.pgdg22.04+1),0.8.5,111,1785203025.246906,snapshot,NVIDIA GeForce RTX 4090,99,23102,24564,265.95,ok,8,0,0.007272031384556454
1,hol_age_diagnostic_512_20260728,formal,2,83,18.4 (Ubuntu 18.4-1.pgdg22.04+1),0.8.5,112,1785203025.60929,snapshot,NVIDIA GeForce RTX 4090,100,23102,24564,264.53,ok,8,0,0.007893981437183006
1,hol_age_diagnostic_512_20260728,formal,2,83,18.4 (Ubuntu 18.4-1.pgdg22.04+1),0.8.5,113,1785203025.9673843,snapshot,NVIDIA GeForce RTX 4090,100,23102,24564,266.06,ok,8,0,0.006075973591043948
1,hol_age_diagnostic_512_20260728,formal,2,83,18.4 (Ubuntu 18.4-1.pgdg22.04+1),0.8.5,114,1785203026.3112695,snapshot,NVIDIA GeForce RTX 4090,100,23102,24564,266.45,ok,8,0,0.005262654291455338
1,hol_age_diagnostic_512_20260728,formal,2,83,18.4 (Ubuntu 18.4-1.pgdg22.04+1),0.8.5,115,1785203026.6374595,snapshot,NVIDIA GeForce RTX 4090,100,23102,24564,264.16,ok,8,0,0.004449334991866838
1,hol_age_diagnostic_512_20260728,formal,2,83,18.4 (Ubuntu 18.4-1.pgdg22.04+1),0.8.5,116,1785203027.0026305,snapshot,NVIDIA GeForce RTX 4090,100,23102,24564,262.10,ok,7,0,0.0026791694574681557
1,hol_age_diagnostic_512_20260728,formal,2,83,18.4 (Ubuntu 18.4-1.pgdg22.04+1),0.8.5,117,1785203027.3080688,snapshot,NVIDIA GeForce RTX 4090,100,23102,24564,267.59,ok,8,0,0.00514304851210412
1,hol_age_diagnostic_512_20260728,formal,2,83,18.4 (Ubuntu 18.4-1.pgdg22.04+1),0.8.5,118,1785203027.6548207,snapshot,NVIDIA GeForce RTX 4090,99,23102,24564,267.93,ok,8,0,0.005980288967562863
1,hol_age_diagnostic_512_20260728,formal,2,83,18.4 (Ubuntu 18.4-1.pgdg22.04+1),0.8.5,119,1785203028.0224378,snapshot,NVIDIA GeForce RTX 4090,100,23102,24564,271.72,ok,8,0,0.0068653717347622045
1,hol_age_diagnostic_512_20260728,formal,2,83,18.4 (Ubuntu 18.4-1.pgdg22.04+1),0.8.5,120,1785203028.392529,snapshot,NVIDIA GeForce RTX 4090,99,23102,24564,267.81,ok,8,0,0.006674002487800257
1,hol_age_diagnostic_512_20260728,formal,2,83,18.4 (Ubuntu 18.4-1.pgdg22.04+1),0.8.5,121,1785203028.7196558,snapshot,NVIDIA GeForce RTX 4090,100,23102,24564,270.77,ok,8,0,0.008468089178069071
1,hol_age_diagnostic_512_20260728,formal,2,83,18.4 (Ubuntu 18.4-1.pgdg22.04+1),0.8.5,122,1785203029.0730133,snapshot,NVIDIA GeForce RTX 4090,100,23102,24564,272.75,ok,8,0,0.0069132140465026914
1,hol_age_diagnostic_512_20260728,formal,2,83,18.4 (Ubuntu 18.4-1.pgdg22.04+1),0.8.5,123,1785203029.3784616,snapshot,NVIDIA GeForce RTX 4090,100,23102,24564,270.80,ok,8,0,0.007630848722610328
1,hol_age_diagnostic_512_20260728,formal,2,83,18.4 (Ubuntu 18.4-1.pgdg22.04+1),0.8.5,124,1785203029.6890135,snapshot,NVIDIA GeForce RTX 4090,98,23102,24564,270.25,ok,8,0,0.007654769878480572
1,hol_age_diagnostic_512_20260728,formal,2,83,18.4 (Ubuntu 18.4-1.pgdg22.04+1),0.8.5,125,1785203030.0167336,snapshot,NVIDIA GeForce RTX 4090,100,23102,24564,268.04,ok,8,0,0.006937135202372935
1,hol_age_diagnostic_512_20260728,formal,2,83,18.4 (Ubuntu 18.4-1.pgdg22.04+1),0.8.5,126,1785203030.3640153,snapshot,NVIDIA GeForce RTX 4090,100,23102,24564,266.01,ok,8,0,0.007774375657831789
1,hol_age_diagnostic_512_20260728,formal,2,83,18.4 (Ubuntu 18.4-1.pgdg22.04+1),0.8.5,127,1785203030.710998,snapshot,NVIDIA GeForce RTX 4090,100,23102,24564,267.94,ok,8,0,0.006363027461486981
1,hol_age_diagnostic_512_20260728,formal,2,83,18.4 (Ubuntu 18.4-1.pgdg22.04+1),0.8.5,128,1785203031.0491831,snapshot,NVIDIA GeForce RTX 4090,98,23102,24564,267.37,ok,8,0,0.0071763467610754805
1,hol_age_diagnostic_512_20260728,formal,2,83,18.4 (Ubuntu 18.4-1.pgdg22.04+1),0.8.5,129,1785203031.415086,snapshot,NVIDIA GeForce RTX 4090,99,23102,24564,266.68,ok,8,0,0.0053104966031958245
1,hol_age_diagnostic_512_20260728,formal,2,83,18.4 (Ubuntu 18.4-1.pgdg22.04+1),0.8.5,130,1785203031.7438467,snapshot,NVIDIA GeForce RTX 4090,100,23102,24564,264.62,ok,8,0,0.0037556214716295555
1,hol_age_diagnostic_512_20260728,formal,2,83,18.4 (Ubuntu 18.4-1.pgdg22.04+1),0.8.5,131,1785203032.0929506,snapshot,NVIDIA GeForce RTX 4090,99,23102,24564,263.91,ok,8,0,0.0036599368481484706
1,hol_age_diagnostic_512_20260728,formal,2,83,18.4 (Ubuntu 18.4-1.pgdg22.04+1),0.8.5,132,1785203032.4378285,snapshot,NVIDIA GeForce RTX 4090,99,23102,24564,262.86,ok,7,0,0.003468567601186523
1,hol_age_diagnostic_512_20260728,formal,2,83,18.4 (Ubuntu 18.4-1.pgdg22.04+1),0.8.5,133,1785203032.7426772,snapshot,NVIDIA GeForce RTX 4090,98,23102,24564,262.84,ok,8,0,0.004401492680126351
1,hol_age_diagnostic_512_20260728,formal,2,83,18.4 (Ubuntu 18.4-1.pgdg22.04+1),0.8.5,134,1785203033.065507,snapshot,NVIDIA GeForce RTX 4090,100,23102,24564,262.18,ok,8,0,0.005190890823844607
1,hol_age_diagnostic_512_20260728,formal,2,83,18.4 (Ubuntu 18.4-1.pgdg22.04+1),0.8.5,135,1785203033.413117,snapshot,NVIDIA GeForce RTX 4090,100,23102,24564,264.20,ok,8,0,0.003420725289446036
1,hol_age_diagnostic_512_20260728,formal,2,83,18.4 (Ubuntu 18.4-1.pgdg22.04+1),0.8.5,136,1785203033.785012,snapshot,NVIDIA GeForce RTX 4090,100,23102,24564,267.85,ok,8,0,0.0049995215768825485
1,hol_age_diagnostic_512_20260728,formal,2,83,18.4 (Ubuntu 18.4-1.pgdg22.04+1),0.8.5,137,1785203034.1530452,snapshot,NVIDIA GeForce RTX 4090,99,23102,24564,272.20,ok,8,0,0.006004210123433218
1,hol_age_diagnostic_512_20260728,formal,2,83,18.4 (Ubuntu 18.4-1.pgdg22.04+1),0.8.5,138,1785203034.5166473,snapshot,NVIDIA GeForce RTX 4090,100,23102,24564,278.21,ok,8,0,0.00791790259305325
1,hol_age_diagnostic_512_20260728,formal,2,83,18.4 (Ubuntu 18.4-1.pgdg22.04+1),0.8.5,139,1785203034.8243747,snapshot,NVIDIA GeForce RTX 4090,100,23102,24564,275.38,ok,8,0,0.008683379580901374
1,hol_age_diagnostic_512_20260728,formal,2,83,18.4 (Ubuntu 18.4-1.pgdg22.04+1),0.8.5,140,1785203035.1305027,snapshot,NVIDIA GeForce RTX 4090,99,23102,24564,272.58,ok,8,0,0.009424935412879143
1,hol_age_diagnostic_512_20260728,formal,2,83,18.4 (Ubuntu 18.4-1.pgdg22.04+1),0.8.5,141,1785203035.437334,snapshot,NVIDIA GeForce RTX 4090,100,23102,24564,272.24,ok,8,0,0.010070806621375938
1,hol_age_diagnostic_512_20260728,formal,2,83,18.4 (Ubuntu 18.4-1.pgdg22.04+1),0.8.5,142,1785203035.7866306,snapshot,NVIDIA GeForce RTX 4090,100,23102,24564,269.27,ok,6,0,0.008946512295474163
1,hol_age_diagnostic_512_20260728,formal,2,83,18.4 (Ubuntu 18.4-1.pgdg22.04+1),0.8.5,143,1785203036.1579564,snapshot,NVIDIA GeForce RTX 4090,100,23102,24564,277.67,ok,8,0,0.011721366376423292
1,hol_age_diagnostic_512_20260728,formal,2,83,18.4 (Ubuntu 18.4-1.pgdg22.04+1),0.8.5,144,1785203036.499084,snapshot,NVIDIA GeForce RTX 4090,100,23102,24564,278.03,ok,8,0,0.011314706726629042
1,hol_age_diagnostic_512_20260728,formal,2,83,18.4 (Ubuntu 18.4-1.pgdg22.04+1),0.8.5,145,1785203036.830812,snapshot,NVIDIA GeForce RTX 4090,100,23102,24564,279.48,ok,8,0,0.009616304659841202
1,hol_age_diagnostic_512_20260728,formal,2,83,18.4 (Ubuntu 18.4-1.pgdg22.04+1),0.8.5,146,1785203037.156932,snapshot,NVIDIA GeForce RTX 4090,100,23102,24564,273.56,ok,8,0,0.008133192995885552
1,hol_age_diagnostic_512_20260728,formal,2,83,18.4 (Ubuntu 18.4-1.pgdg22.04+1),0.8.5,147,1785203037.5055673,snapshot,NVIDIA GeForce RTX 4090,100,23102,24564,270.65,ok,8,0,0.00743947947564827
1,hol_age_diagnostic_512_20260728,formal,2,83,18.4 (Ubuntu 18.4-1.pgdg22.04+1),0.8.5,148,1785203037.8319602,snapshot,NVIDIA GeForce RTX 4090,100,23102,24564,271.10,ok,8,0,0.006506554396708442
1,hol_age_diagnostic_512_20260728,formal,2,83,18.4 (Ubuntu 18.4-1.pgdg22.04+1),0.8.5,149,1785203038.195867,snapshot,NVIDIA GeForce RTX 4090,100,23102,24564,269.53,ok,8,0,0.006386948617357224
1,hol_age_diagnostic_512_20260728,formal,2,83,18.4 (Ubuntu 18.4-1.pgdg22.04+1),0.8.5,150,1785203038.545886,snapshot,NVIDIA GeForce RTX 4090,100,23102,24564,272.15,ok,8,0,0.005190890823844607
1,hol_age_diagnostic_512_20260728,formal,2,83,18.4 (Ubuntu 18.4-1.pgdg22.04+1),0.8.5,151,1785203038.9099522,snapshot,NVIDIA GeForce RTX 4090,100,23102,24564,269.68,ok,8,0,0.003779542627499799
1,hol_age_diagnostic_512_20260728,formal,2,83,18.4 (Ubuntu 18.4-1.pgdg22.04+1),0.8.5,152,1785203039.2305977,snapshot,NVIDIA GeForce RTX 4090,100,23102,24564,269.39,ok,8,0,0.004234044589034536
1,hol_age_diagnostic_512_20260728,formal,2,83,18.4 (Ubuntu 18.4-1.pgdg22.04+1),0.8.5,153,1785203039.5537953,snapshot,NVIDIA GeForce RTX 4090,100,23102,24564,268.80,ok,8,0,0.0049995215768825485
1,hol_age_diagnostic_512_20260728,formal,2,83,18.4 (Ubuntu 18.4-1.pgdg22.04+1),0.8.5,154,1785203039.8770018,snapshot,NVIDIA GeForce RTX 4090,100,23102,24564,266.56,ok,8,0,0.00399483303033199
1,hol_age_diagnostic_512_20260728,formal,2,83,18.4 (Ubuntu 18.4-1.pgdg22.04+1),0.8.5,155,1785203040.2182162,snapshot,NVIDIA GeForce RTX 4090,100,23102,24564,268.08,ok,8,0,0.004162281121423805
1,hol_age_diagnostic_512_20260728,formal,2,83,18.4 (Ubuntu 18.4-1.pgdg22.04+1),0.8.5,156,1785203040.5462694,snapshot,NVIDIA GeForce RTX 4090,100,23102,24564,268.26,ok,8,0,0.004497177303607325
1,hol_age_diagnostic_512_20260728,formal,2,83,18.4 (Ubuntu 18.4-1.pgdg22.04+1),0.8.5,157,1785203040.8500078,snapshot,NVIDIA GeForce RTX 4090,100,23102,24564,267.46,ok,8,0,0.005262654291455338
1,hol_age_diagnostic_512_20260728,formal,2,83,18.4 (Ubuntu 18.4-1.pgdg22.04+1),0.8.5,158,1785203041.2184412,snapshot,NVIDIA GeForce RTX 4090,100,23102,24564,266.51,ok,8,0,0.0034924887570567664
1,hol_age_diagnostic_512_20260728,formal,2,83,18.4 (Ubuntu 18.4-1.pgdg22.04+1),0.8.5,159,1785203041.5781305,snapshot,NVIDIA GeForce RTX 4090,100,23102,24564,266.51,ok,8,0,0.003372882977705438
1,hol_age_diagnostic_512_20260728,formal,2,83,18.4 (Ubuntu 18.4-1.pgdg22.04+1),0.8.5,160,1785203041.9056942,snapshot,NVIDIA GeForce RTX 4090,100,23102,24564,266.77,ok,8,0,0.003205434886613734
1,hol_age_diagnostic_512_20260728,formal,2,83,18.4 (Ubuntu 18.4-1.pgdg22.04+1),0.8.5,161,1785203042.2299669,snapshot,NVIDIA GeForce RTX 4090,100,23102,24564,265.97,ok,8,0,0.003970911874461747
1,hol_age_diagnostic_512_20260728,formal,2,83,18.4 (Ubuntu 18.4-1.pgdg22.04+1),0.8.5,162,1785203042.5735333,snapshot,NVIDIA GeForce RTX 4090,100,23102,24564,264.70,ok,8,0,0.0020572194048416037
1,hol_age_diagnostic_512_20260728,formal,2,83,18.4 (Ubuntu 18.4-1.pgdg22.04+1),0.8.5,163,1785203042.9139369,snapshot,NVIDIA GeForce RTX 4090,100,23102,24564,264.60,ok,8,0,0.002439957898765721
1,hol_age_diagnostic_512_20260728,formal,2,83,18.4 (Ubuntu 18.4-1.pgdg22.04+1),0.8.5,164,1785203043.220269,snapshot,NVIDIA GeForce RTX 4090,100,23102,24564,264.32,ok,8,0,0.0026074059898574253
1,hol_age_diagnostic_512_20260728,formal,2,83,18.4 (Ubuntu 18.4-1.pgdg22.04+1),0.8.5,165,1785203043.543608,snapshot,NVIDIA GeForce RTX 4090,100,23102,24564,264.09,ok,8,0,0.0033968041335756816
1,hol_age_diagnostic_512_20260728,formal,2,83,18.4 (Ubuntu 18.4-1.pgdg22.04+1),0.8.5,166,1785203043.846439,snapshot,NVIDIA GeForce RTX 4090,100,23102,24564,263.64,ok,8,0,0.004138359965553562
1,hol_age_diagnostic_512_20260728,formal,2,83,18.4 (Ubuntu 18.4-1.pgdg22.04+1),0.8.5,167,1785203044.1906235,snapshot,NVIDIA GeForce RTX 4090,100,23102,24564,269.22,ok,8,0,0.0059324466558223765
1,hol_age_diagnostic_512_20260728,formal,2,83,18.4 (Ubuntu 18.4-1.pgdg22.04+1),0.8.5,168,1785203044.5203261,snapshot,NVIDIA GeForce RTX 4090,100,23102,24564,270.66,ok,8,0,0.0053104966031958245
1,hol_age_diagnostic_512_20260728,formal,2,83,18.4 (Ubuntu 18.4-1.pgdg22.04+1),0.8.5,169,1785203044.8631985,snapshot,NVIDIA GeForce RTX 4090,100,23102,24564,271.21,ok,8,0,0.006171658214524922
1,hol_age_diagnostic_512_20260728,formal,2,83,18.4 (Ubuntu 18.4-1.pgdg22.04+1),0.8.5,170,1785203045.1920805,snapshot,NVIDIA GeForce RTX 4090,100,23102,24564,269.93,ok,8,0,0.004712467706439627
1,hol_age_diagnostic_512_20260728,formal,2,83,18.4 (Ubuntu 18.4-1.pgdg22.04+1),0.8.5,171,1785203045.51768,snapshot,NVIDIA GeForce RTX 4090,100,23102,24564,266.02,ok,8,0,0.005334417759066068
1,hol_age_diagnostic_512_20260728,formal,2,83,18.4 (Ubuntu 18.4-1.pgdg22.04+1),0.8.5,172,1785203045.8402703,snapshot,NVIDIA GeForce RTX 4090,100,23102,24564,266.24,ok,8,0,0.004162281121423805
1,hol_age_diagnostic_512_20260728,formal,2,83,18.4 (Ubuntu 18.4-1.pgdg22.04+1),0.8.5,173,1785203046.185016,snapshot,NVIDIA GeForce RTX 4090,100,23102,24564,266.10,ok,8,0,0.0040665964979428315
1,hol_age_diagnostic_512_20260728,formal,2,83,18.4 (Ubuntu 18.4-1.pgdg22.04+1),0.8.5,174,1785203046.5113127,snapshot,NVIDIA GeForce RTX 4090,100,23102,24564,265.84,ok,8,0,0.004784231174050357
1,hol_age_diagnostic_512_20260728,formal,2,83,18.4 (Ubuntu 18.4-1.pgdg22.04+1),0.8.5,175,1785203046.8552952,snapshot,NVIDIA GeForce RTX 4090,100,23102,24564,265.35,ok,8,0,0.002320352119414393
1,hol_age_diagnostic_512_20260728,formal,2,83,18.4 (Ubuntu 18.4-1.pgdg22.04+1),0.8.5,176,1785203047.227759,snapshot,NVIDIA GeForce RTX 4090,100,23102,24564,265.40,ok,8,0,0.003253277198354221
1,hol_age_diagnostic_512_20260728,formal,2,83,18.4 (Ubuntu 18.4-1.pgdg22.04+1),0.8.5,177,1785203047.5714204,snapshot,NVIDIA GeForce RTX 4090,100,23102,24564,265.09,ok,8,0,0.0032293560424839773
1,hol_age_diagnostic_512_20260728,formal,2,83,18.4 (Ubuntu 18.4-1.pgdg22.04+1),0.8.5,178,1785203047.9370387,snapshot,NVIDIA GeForce RTX 4090,100,23102,24564,265.07,ok,8,0,0.002392115587025123
1,hol_age_diagnostic_512_20260728,formal,2,83,18.4 (Ubuntu 18.4-1.pgdg22.04+1),0.8.5,179,1785203048.2716606,snapshot,NVIDIA GeForce RTX 4090,100,23102,24564,263.97,ok,8,0,0.003205434886613734
1,hol_age_diagnostic_512_20260728,formal,2,83,18.4 (Ubuntu 18.4-1.pgdg22.04+1),0.8.5,180,1785203048.6171808,snapshot,NVIDIA GeForce RTX 4090,100,23102,24564,267.11,ok,8,0,0.0036599368481484706
1,hol_age_diagnostic_512_20260728,formal,2,83,18.4 (Ubuntu 18.4-1.pgdg22.04+1),0.8.5,181,1785203048.9441633,snapshot,NVIDIA GeForce RTX 4090,100,23102,24564,267.26,ok,8,0,0.0032293560424839773
1,hol_age_diagnostic_512_20260728,formal,2,83,18.4 (Ubuntu 18.4-1.pgdg22.04+1),0.8.5,182,1785203049.317825,snapshot,NVIDIA GeForce RTX 4090,100,23102,24564,268.25,ok,8,0,0.0036120945364079837
1,hol_age_diagnostic_512_20260728,formal,2,83,18.4 (Ubuntu 18.4-1.pgdg22.04+1),0.8.5,183,1785203049.6255007,snapshot,NVIDIA GeForce RTX 4090,100,23102,24564,265.38,ok,8,0,0.0043775715242561075
1,hol_age_diagnostic_512_20260728,formal,2,83,18.4 (Ubuntu 18.4-1.pgdg22.04+1),0.8.5,184,1785203049.9737005,snapshot,NVIDIA GeForce RTX 4090,100,23102,24564,264.82,ok,8,0,0.004616783082958542
1,hol_age_diagnostic_512_20260728,formal,2,83,18.4 (Ubuntu 18.4-1.pgdg22.04+1),0.8.5,185,1785203050.3388178,snapshot,NVIDIA GeForce RTX 4090,100,23102,24564,265.06,ok,7,0,0.002320352119414393
1,hol_age_diagnostic_512_20260728,formal,2,83,18.4 (Ubuntu 18.4-1.pgdg22.04+1),0.8.5,186,1785203050.6699207,snapshot,NVIDIA GeForce RTX 4090,100,23102,24564,265.07,ok,8,0,0.002750932925078886
1,hol_age_diagnostic_512_20260728,formal,2,83,18.4 (Ubuntu 18.4-1.pgdg22.04+1),0.8.5,187,1785203050.9749289,snapshot,NVIDIA GeForce RTX 4090,100,23102,24564,266.18,ok,8,0,0.002750932925078886
1,hol_age_diagnostic_512_20260728,formal,2,83,18.4 (Ubuntu 18.4-1.pgdg22.04+1),0.8.5,188,1785203051.3167727,snapshot,NVIDIA GeForce RTX 4090,100,23102,24564,266.67,ok,8,0,0.002846617548559971
1,hol_age_diagnostic_512_20260728,formal,2,83,18.4 (Ubuntu 18.4-1.pgdg22.04+1),0.8.5,189,1785203051.6799355,snapshot,NVIDIA GeForce RTX 4090,99,23102,24564,265.76,ok,8,0,0.0037077791598889576
1,hol_age_diagnostic_512_20260728,formal,2,83,18.4 (Ubuntu 18.4-1.pgdg22.04+1),0.8.5,190,1785203052.0043488,snapshot,NVIDIA GeForce RTX 4090,100,23102,24564,264.77,ok,8,0,0.004521098459477568
1,hol_age_diagnostic_512_20260728,formal,2,83,18.4 (Ubuntu 18.4-1.pgdg22.04+1),0.8.5,191,1785203052.3472567,snapshot,NVIDIA GeForce RTX 4090,100,23102,24564,264.44,ok,8,0,0.005334417759066068
1,hol_age_diagnostic_512_20260728,formal,2,83,18.4 (Ubuntu 18.4-1.pgdg22.04+1),0.8.5,192,1785203052.6906333,snapshot,NVIDIA GeForce RTX 4090,100,23102,24564,266.31,ok,8,0,0.003970911874461747
1,hol_age_diagnostic_512_20260728,formal,2,83,18.4 (Ubuntu 18.4-1.pgdg22.04+1),0.8.5,193,1785203053.0338402,snapshot,NVIDIA GeForce RTX 4090,100,23102,24564,270.39,ok,8,0,0.003827384939240286
1,hol_age_diagnostic_512_20260728,formal,2,83,18.4 (Ubuntu 18.4-1.pgdg22.04+1),0.8.5,194,1785203053.3734484,snapshot,NVIDIA GeForce RTX 4090,100,23102,24564,270.49,ok,8,0,0.004712467706439627
1,hol_age_diagnostic_512_20260728,formal,2,83,18.4 (Ubuntu 18.4-1.pgdg22.04+1),0.8.5,195,1785203053.6764452,snapshot,NVIDIA GeForce RTX 4090,100,23102,24564,270.63,ok,7,0,0.003683858004018714
1,hol_age_diagnostic_512_20260728,formal,2,83,18.4 (Ubuntu 18.4-1.pgdg22.04+1),0.8.5,196,1785203054.0064087,snapshot,NVIDIA GeForce RTX 4090,100,23102,24564,267.23,ok,8,0,0.004353650368385753
1,hol_age_diagnostic_512_20260728,formal,2,83,18.4 (Ubuntu 18.4-1.pgdg22.04+1),0.8.5,197,1785203054.3481302,snapshot,NVIDIA GeForce RTX 4090,100,23102,24564,266.98,ok,8,0,0.00514304851210412
1,hol_age_diagnostic_512_20260728,formal,2,83,18.4 (Ubuntu 18.4-1.pgdg22.04+1),0.8.5,198,1785203054.6693165,snapshot,NVIDIA GeForce RTX 4090,100,23102,24564,266.97,ok,8,0,0.004951679265142062
1,hol_age_diagnostic_512_20260728,formal,2,83,18.4 (Ubuntu 18.4-1.pgdg22.04+1),0.8.5,199,1785203054.9922786,snapshot,NVIDIA GeForce RTX 4090,100,23102,24564,267.10,ok,8,0,0.004927758109271818
1,hol_age_diagnostic_512_20260728,formal,2,83,18.4 (Ubuntu 18.4-1.pgdg22.04+1),0.8.5,200,1785203055.2969155,snapshot,NVIDIA GeForce RTX 4090,100,23102,24564,267.77,ok,8,0,0.004497177303607325
1,hol_age_diagnostic_512_20260728,formal,2,83,18.4 (Ubuntu 18.4-1.pgdg22.04+1),0.8.5,201,1785203055.6222312,snapshot,NVIDIA GeForce RTX 4090,100,23102,24564,267.26,ok,8,0,0.0033011195100947077
1,hol_age_diagnostic_512_20260728,formal,2,83,18.4 (Ubuntu 18.4-1.pgdg22.04+1),0.8.5,202,1785203055.9445734,snapshot,NVIDIA GeForce RTX 4090,100,23102,24564,268.93,ok,8,0,0.0038513060951105293
1,hol_age_diagnostic_512_20260728,formal,2,83,18.4 (Ubuntu 18.4-1.pgdg22.04+1),0.8.5,203,1785203056.3056114,snapshot,NVIDIA GeForce RTX 4090,100,23102,24564,268.00,ok,8,0,0.003205434886613734
1,hol_age_diagnostic_512_20260728,formal,2,83,18.4 (Ubuntu 18.4-1.pgdg22.04+1),0.8.5,204,1785203056.626864,snapshot,NVIDIA GeForce RTX 4090,100,23102,24564,267.29,ok,8,0,0.00399483303033199
1,hol_age_diagnostic_512_20260728,formal,2,83,18.4 (Ubuntu 18.4-1.pgdg22.04+1),0.8.5,205,1785203056.9790952,snapshot,NVIDIA GeForce RTX 4090,100,23102,24564,266.30,ok,8,0,0.0036120945364079837
1,hol_age_diagnostic_512_20260728,formal,2,83,18.4 (Ubuntu 18.4-1.pgdg22.04+1),0.8.5,206,1785203057.3015618,snapshot,NVIDIA GeForce RTX 4090,100,23102,24564,266.02,ok,8,0,0.0037556214716295555
1,hol_age_diagnostic_512_20260728,formal,2,83,18.4 (Ubuntu 18.4-1.pgdg22.04+1),0.8.5,207,1785203057.624506,snapshot,NVIDIA GeForce RTX 4090,100,23102,24564,266.61,ok,8,0,0.00310975026313276
1,hol_age_diagnostic_512_20260728,formal,2,83,18.4 (Ubuntu 18.4-1.pgdg22.04+1),0.8.5,208,1785203057.970166,snapshot,NVIDIA GeForce RTX 4090,100,23102,24564,266.96,ok,8,0,0.0032293560424839773
1,hol_age_diagnostic_512_20260728,formal,2,83,18.4 (Ubuntu 18.4-1.pgdg22.04+1),0.8.5,209,1785203058.314848,snapshot,NVIDIA GeForce RTX 4090,100,23102,24564,269.85,ok,8,0,0.002392115587025123
1,hol_age_diagnostic_512_20260728,formal,2,83,18.4 (Ubuntu 18.4-1.pgdg22.04+1),0.8.5,210,1785203058.6771567,snapshot,NVIDIA GeForce RTX 4090,100,23102,24564,268.68,ok,8,0,0.002750932925078886
1,hol_age_diagnostic_512_20260728,formal,2,83,18.4 (Ubuntu 18.4-1.pgdg22.04+1),0.8.5,211,1785203059.0244992,snapshot,NVIDIA GeForce RTX 4090,100,23102,24564,268.26,ok,8,0,0.003564252224667497
1,hol_age_diagnostic_512_20260728,formal,2,83,18.4 (Ubuntu 18.4-1.pgdg22.04+1),0.8.5,212,1785203059.3513389,snapshot,NVIDIA GeForce RTX 4090,100,23102,24564,267.07,ok,8,0,0.004401492680126351
1,hol_age_diagnostic_512_20260728,formal,2,83,18.4 (Ubuntu 18.4-1.pgdg22.04+1),0.8.5,213,1785203059.6989815,snapshot,NVIDIA GeForce RTX 4090,100,23102,24564,265.71,ok,8,0,0.0044254138359965944
1,hol_age_diagnostic_512_20260728,formal,2,83,18.4 (Ubuntu 18.4-1.pgdg22.04+1),0.8.5,214,1785203060.0660357,snapshot,NVIDIA GeForce RTX 4090,100,23102,24564,266.50,ok,8,0,0.004545019615347812
1,hol_age_diagnostic_512_20260728,formal,2,83,18.4 (Ubuntu 18.4-1.pgdg22.04+1),0.8.5,215,1785203060.3958366,snapshot,NVIDIA GeForce RTX 4090,100,23102,24564,266.74,ok,8,0,0.004353650368385753
1,hol_age_diagnostic_512_20260728,formal,2,83,18.4 (Ubuntu 18.4-1.pgdg22.04+1),0.8.5,216,1785203060.7211735,snapshot,NVIDIA GeForce RTX 4090,100,23102,24564,266.83,ok,6,0,0.003325040665964951
1,hol_age_diagnostic_512_20260728,formal,2,83,18.4 (Ubuntu 18.4-1.pgdg22.04+1),0.8.5,217,1785203061.0510778,snapshot,NVIDIA GeForce RTX 4090,100,23102,24564,270.69,ok,8,0,0.005023442732752792
1,hol_age_diagnostic_512_20260728,formal,2,83,18.4 (Ubuntu 18.4-1.pgdg22.04+1),0.8.5,218,1785203061.3768053,snapshot,NVIDIA GeForce RTX 4090,100,23102,24564,275.15,ok,8,0,0.005788919720600916
1,hol_age_diagnostic_512_20260728,formal,2,83,18.4 (Ubuntu 18.4-1.pgdg22.04+1),0.8.5,219,1785203061.7493026,snapshot,NVIDIA GeForce RTX 4090,100,23102,24564,275.27,ok,8,0,0.006674002487800257
1,hol_age_diagnostic_512_20260728,formal,2,83,18.4 (Ubuntu 18.4-1.pgdg22.04+1),0.8.5,220,1785203062.088028,snapshot,NVIDIA GeForce RTX 4090,100,23102,24564,271.81,ok,8,0,0.007511242943259
1,hol_age_diagnostic_512_20260728,formal,2,83,18.4 (Ubuntu 18.4-1.pgdg22.04+1),0.8.5,221,1785203062.41457,snapshot,NVIDIA GeForce RTX 4090,100,23102,24564,271.77,ok,8,0,0.009688068127451932
1,hol_age_diagnostic_512_20260728,formal,2,83,18.4 (Ubuntu 18.4-1.pgdg22.04+1),0.8.5,222,1785203062.7440925,snapshot,NVIDIA GeForce RTX 4090,100,23102,24564,272.31,ok,8,0,0.009616304659841202
1,hol_age_diagnostic_512_20260728,formal,2,83,18.4 (Ubuntu 18.4-1.pgdg22.04+1),0.8.5,223,1785203063.0736473,snapshot,NVIDIA GeForce RTX 4090,100,23102,24564,272.72,ok,8,0,0.009711989283322175
1,hol_age_diagnostic_512_20260728,formal,2,83,18.4 (Ubuntu 18.4-1.pgdg22.04+1),0.8.5,224,1785203063.3760397,snapshot,NVIDIA GeForce RTX 4090,100,23102,24564,273.17,ok,6,0,0.007391637163907783
1,hol_age_diagnostic_512_20260728,formal,2,83,18.4 (Ubuntu 18.4-1.pgdg22.04+1),0.8.5,225,1785203063.680526,snapshot,NVIDIA GeForce RTX 4090,100,23102,24564,269.35,ok,8,0,0.0038034637833700424
1,hol_age_diagnostic_512_20260728,formal,2,83,18.4 (Ubuntu 18.4-1.pgdg22.04+1),0.8.5,226,1785203064.0071435,snapshot,NVIDIA GeForce RTX 4090,100,23102,24564,268.23,ok,8,0,0.004616783082958542
1,hol_age_diagnostic_512_20260728,formal,2,83,18.4 (Ubuntu 18.4-1.pgdg22.04+1),0.8.5,227,1785203064.3331943,snapshot,NVIDIA GeForce RTX 4090,100,23102,24564,267.27,ok,8,0,0.005382260070806666
1,hol_age_diagnostic_512_20260728,formal,2,83,18.4 (Ubuntu 18.4-1.pgdg22.04+1),0.8.5,228,1785203064.6736476,snapshot,NVIDIA GeForce RTX 4090,100,23102,24564,266.26,ok,8,0,0.005980288967562863
1,hol_age_diagnostic_512_20260728,formal,2,83,18.4 (Ubuntu 18.4-1.pgdg22.04+1),0.8.5,229,1785203065.040537,snapshot,NVIDIA GeForce RTX 4090,100,23102,24564,266.46,ok,8,0,0.004162281121423805
1,hol_age_diagnostic_512_20260728,formal,2,83,18.4 (Ubuntu 18.4-1.pgdg22.04+1),0.8.5,230,1785203065.3721762,snapshot,NVIDIA GeForce RTX 4090,100,23102,24564,266.58,ok,8,0,0.003636015692278227
1,hol_age_diagnostic_512_20260728,formal,2,83,18.4 (Ubuntu 18.4-1.pgdg22.04+1),0.8.5,231,1785203065.7153497,snapshot,NVIDIA GeForce RTX 4090,100,23102,24564,266.34,ok,8,0,0.0035881733805377403
1,hol_age_diagnostic_512_20260728,formal,2,83,18.4 (Ubuntu 18.4-1.pgdg22.04+1),0.8.5,232,1785203066.0447829,snapshot,NVIDIA GeForce RTX 4090,97,23102,24564,267.14,ok,8,0,0.003253277198354221
1,hol_age_diagnostic_512_20260728,formal,2,83,18.4 (Ubuntu 18.4-1.pgdg22.04+1),0.8.5,233,1785203066.410714,snapshot,NVIDIA GeForce RTX 4090,100,23102,24564,268.17,ok,8,0,0.002631327145727669
1,hol_age_diagnostic_512_20260728,formal,2,83,18.4 (Ubuntu 18.4-1.pgdg22.04+1),0.8.5,234,1785203066.7587237,snapshot,NVIDIA GeForce RTX 4090,100,23102,24564,268.44,ok,8,0,0.0031336714190030035
1,hol_age_diagnostic_512_20260728,formal,2,83,18.4 (Ubuntu 18.4-1.pgdg22.04+1),0.8.5,235,1785203067.1292617,snapshot,NVIDIA GeForce RTX 4090,100,23102,24564,267.05,ok,8,0,0.002846617548559971
1,hol_age_diagnostic_512_20260728,formal,2,83,18.4 (Ubuntu 18.4-1.pgdg22.04+1),0.8.5,236,1785203067.4716961,snapshot,NVIDIA GeForce RTX 4090,100,23102,24564,265.79,ok,8,0,0.0029183810161707013
1,hol_age_diagnostic_512_20260728,formal,2,83,18.4 (Ubuntu 18.4-1.pgdg22.04+1),0.8.5,237,1785203067.824776,snapshot,NVIDIA GeForce RTX 4090,100,23102,24564,265.12,ok,7,0,0.0029183810161707013
1,hol_age_diagnostic_512_20260728,formal,2,83,18.4 (Ubuntu 18.4-1.pgdg22.04+1),0.8.5,238,1785203068.1713145,snapshot,NVIDIA GeForce RTX 4090,100,23102,24564,265.29,ok,8,0,0.0031815137307434904
1,hol_age_diagnostic_512_20260728,formal,2,83,18.4 (Ubuntu 18.4-1.pgdg22.04+1),0.8.5,239,1785203068.4971595,snapshot,NVIDIA GeForce RTX 4090,100,23102,24564,265.84,ok,8,0,0.003205434886613734
1,hol_age_diagnostic_512_20260728,formal,2,83,18.4 (Ubuntu 18.4-1.pgdg22.04+1),0.8.5,240,1785203068.8392084,snapshot,NVIDIA GeForce RTX 4090,100,23102,24564,266.41,ok,8,0,0.003420725289446036
1,hol_age_diagnostic_512_20260728,formal,2,83,18.4 (Ubuntu 18.4-1.pgdg22.04+1),0.8.5,241,1785203069.1874688,snapshot,NVIDIA GeForce RTX 4090,100,23102,24564,265.93,ok,8,0,0.004257965744904779
1,hol_age_diagnostic_512_20260728,formal,2,83,18.4 (Ubuntu 18.4-1.pgdg22.04+1),0.8.5,242,1785203069.5332744,snapshot,NVIDIA GeForce RTX 4090,100,23102,24564,265.67,ok,8,0,0.003731700315759312
1,hol_age_diagnostic_512_20260728,formal,2,83,18.4 (Ubuntu 18.4-1.pgdg22.04+1),0.8.5,243,1785203069.8798716,snapshot,NVIDIA GeForce RTX 4090,100,23102,24564,266.23,ok,8,0,0.0038034637833700424
1,hol_age_diagnostic_512_20260728,formal,2,83,18.4 (Ubuntu 18.4-1.pgdg22.04+1),0.8.5,244,1785203070.2284358,snapshot,NVIDIA GeForce RTX 4090,100,23102,24564,267.76,ok,8,0,0.004257965744904779
1,hol_age_diagnostic_512_20260728,formal,2,83,18.4 (Ubuntu 18.4-1.pgdg22.04+1),0.8.5,245,1785203070.5323014,snapshot,NVIDIA GeForce RTX 4090,100,23102,24564,267.78,ok,8,0,0.004234044589034536
1,hol_age_diagnostic_512_20260728,formal,2,83,18.4 (Ubuntu 18.4-1.pgdg22.04+1),0.8.5,246,1785203070.8790612,snapshot,NVIDIA GeForce RTX 4090,100,23102,24564,267.77,ok,8,0,0.0033011195100947077
1,hol_age_diagnostic_512_20260728,formal,2,83,18.4 (Ubuntu 18.4-1.pgdg22.04+1),0.8.5,247,1785203071.22747,snapshot,NVIDIA GeForce RTX 4090,100,23102,24564,268.14,ok,8,0,0.0032771983542244643
1,hol_age_diagnostic_512_20260728,formal,2,83,18.4 (Ubuntu 18.4-1.pgdg22.04+1),0.8.5,248,1785203071.5311925,snapshot,NVIDIA GeForce RTX 4090,100,23102,24564,267.15,ok,8,0,0.0037077791598889576
1,hol_age_diagnostic_512_20260728,formal,2,83,18.4 (Ubuntu 18.4-1.pgdg22.04+1),0.8.5,249,1785203071.8937914,snapshot,NVIDIA GeForce RTX 4090,99,23102,24564,268.86,ok,8,0,0.0032771983542244643
1,hol_age_diagnostic_512_20260728,formal,2,83,18.4 (Ubuntu 18.4-1.pgdg22.04+1),0.8.5,250,1785203072.2392862,snapshot,NVIDIA GeForce RTX 4090,100,23102,24564,271.01,ok,8,0,0.0034446464453162795
1,hol_age_diagnostic_512_20260728,formal,2,83,18.4 (Ubuntu 18.4-1.pgdg22.04+1),0.8.5,251,1785203072.5910676,snapshot,NVIDIA GeForce RTX 4090,100,23102,24564,270.56,ok,8,0,0.003564252224667497
1,hol_age_diagnostic_512_20260728,formal,2,83,18.4 (Ubuntu 18.4-1.pgdg22.04+1),0.8.5,252,1785203072.894602,snapshot,NVIDIA GeForce RTX 4090,100,23102,24564,270.20,ok,8,0,0.0026074059898574253
1,hol_age_diagnostic_512_20260728,formal,2,83,18.4 (Ubuntu 18.4-1.pgdg22.04+1),0.8.5,253,1785203073.2339203,snapshot,NVIDIA GeForce RTX 4090,100,23102,24564,267.35,ok,7,0,0.002942302172040945
1,hol_age_diagnostic_512_20260728,formal,2,83,18.4 (Ubuntu 18.4-1.pgdg22.04+1),0.8.5,254,1785203073.5622804,snapshot,NVIDIA GeForce RTX 4090,100,23102,24564,269.12,ok,8,0,0.005382260070806666
1,hol_age_diagnostic_512_20260728,formal,2,83,18.4 (Ubuntu 18.4-1.pgdg22.04+1),0.8.5,255,1785203073.8838725,snapshot,NVIDIA GeForce RTX 4090,100,23102,24564,269.49,ok,8,0,0.004951679265142062
1,hol_age_diagnostic_512_20260728,formal,2,83,18.4 (Ubuntu 18.4-1.pgdg22.04+1),0.8.5,256,1785203074.226018,snapshot,NVIDIA GeForce RTX 4090,100,23102,24564,273.81,ok,8,0,0.007295952540426809
1,hol_age_diagnostic_512_20260728,formal,2,83,18.4 (Ubuntu 18.4-1.pgdg22.04+1),0.8.5,257,1785203074.530345,snapshot,NVIDIA GeForce RTX 4090,100,23102,24564,271.32,ok,8,0,0.006961056358243178
1,hol_age_diagnostic_512_20260728,formal,2,83,18.4 (Ubuntu 18.4-1.pgdg22.04+1),0.8.5,258,1785203074.854242,snapshot,NVIDIA GeForce RTX 4090,100,23102,24564,271.47,ok,8,0,0.007606927566739974
1,hol_age_diagnostic_512_20260728,formal,2,83,18.4 (Ubuntu 18.4-1.pgdg22.04+1),0.8.5,259,1785203075.2042303,snapshot,NVIDIA GeForce RTX 4090,100,23102,24564,268.51,ok,8,0,0.006769687111281231
1,hol_age_diagnostic_512_20260728,formal,2,83,18.4 (Ubuntu 18.4-1.pgdg22.04+1),0.8.5,260,1785203075.5280423,snapshot,NVIDIA GeForce RTX 4090,100,23102,24564,268.48,ok,8,0,0.00554970816189837
1,hol_age_diagnostic_512_20260728,formal,2,83,18.4 (Ubuntu 18.4-1.pgdg22.04+1),0.8.5,261,1785203075.8555055,snapshot,NVIDIA GeForce RTX 4090,100,23102,24564,268.17,ok,8,0,0.0038034637833700424
1,hol_age_diagnostic_512_20260728,formal,2,83,18.4 (Ubuntu 18.4-1.pgdg22.04+1),0.8.5,262,1785203076.2275174,snapshot,NVIDIA GeForce RTX 4090,100,23102,24564,267.04,ok,8,0,0.004473256147737081
1,hol_age_diagnostic_512_20260728,formal,2,83,18.4 (Ubuntu 18.4-1.pgdg22.04+1),0.8.5,263,1785203076.593795,snapshot,NVIDIA GeForce RTX 4090,100,23102,24564,266.27,ok,7,0,0.0028226963926897275
1,hol_age_diagnostic_512_20260728,formal,2,83,18.4 (Ubuntu 18.4-1.pgdg22.04+1),0.8.5,264,1785203076.9200456,snapshot,NVIDIA GeForce RTX 4090,100,23102,24564,266.12,ok,8,0,0.0036599368481484706
1,hol_age_diagnostic_512_20260728,formal,2,83,18.4 (Ubuntu 18.4-1.pgdg22.04+1),0.8.5,265,1785203077.262543,snapshot,NVIDIA GeForce RTX 4090,100,23102,24564,266.66,ok,8,0,0.004114438809683318
1,hol_age_diagnostic_512_20260728,formal,2,83,18.4 (Ubuntu 18.4-1.pgdg22.04+1),0.8.5,266,1785203077.588801,snapshot,NVIDIA GeForce RTX 4090,100,23102,24564,268.46,ok,8,0,0.0026791694574681557
1,hol_age_diagnostic_512_20260728,formal,2,83,18.4 (Ubuntu 18.4-1.pgdg22.04+1),0.8.5,267,1785203077.9297876,snapshot,NVIDIA GeForce RTX 4090,100,23102,24564,267.88,ok,8,0,0.00351640991292701
1,hol_age_diagnostic_512_20260728,formal,2,83,18.4 (Ubuntu 18.4-1.pgdg22.04+1),0.8.5,268,1785203078.2487457,snapshot,NVIDIA GeForce RTX 4090,100,23102,24564,267.93,ok,7,0,0.003827384939240286
1,hol_age_diagnostic_512_20260728,formal,2,83,18.4 (Ubuntu 18.4-1.pgdg22.04+1),0.8.5,269,1785203078.6109197,snapshot,NVIDIA GeForce RTX 4090,100,23102,24564,266.00,ok,8,0,0.0027748540809492406
1,hol_age_diagnostic_512_20260728,formal,2,83,18.4 (Ubuntu 18.4-1.pgdg22.04+1),0.8.5,270,1785203078.9374728,snapshot,NVIDIA GeForce RTX 4090,100,23102,24564,265.93,ok,8,0,0.0026552483015979123
1,hol_age_diagnostic_512_20260728,formal,2,83,18.4 (Ubuntu 18.4-1.pgdg22.04+1),0.8.5,271,1785203079.2835104,snapshot,NVIDIA GeForce RTX 4090,100,23102,24564,265.88,ok,8,0,0.0018897713137498995
1,hol_age_diagnostic_512_20260728,formal,2,83,18.4 (Ubuntu 18.4-1.pgdg22.04+1),0.8.5,272,1785203079.6059928,snapshot,NVIDIA GeForce RTX 4090,100,23102,24564,265.02,ok,8,0,0.002272509807673906
1,hol_age_diagnostic_512_20260728,formal,2,83,18.4 (Ubuntu 18.4-1.pgdg22.04+1),0.8.5,273,1785203079.9692826,snapshot,NVIDIA GeForce RTX 4090,100,23102,24564,264.75,ok,8,0,0.002703090613338399
1,hol_age_diagnostic_512_20260728,formal,2,83,18.4 (Ubuntu 18.4-1.pgdg22.04+1),0.8.5,274,1785203080.295368,snapshot,NVIDIA GeForce RTX 4090,100,23102,24564,264.63,ok,8,0,0.0029901444837814317
1,hol_age_diagnostic_512_20260728,formal,2,83,18.4 (Ubuntu 18.4-1.pgdg22.04+1),0.8.5,275,1785203080.6375196,snapshot,NVIDIA GeForce RTX 4090,100,23102,24564,264.69,ok,8,0,0.003875227250980773
1,hol_age_diagnostic_512_20260728,formal,2,83,18.4 (Ubuntu 18.4-1.pgdg22.04+1),0.8.5,276,1785203080.9784186,snapshot,NVIDIA GeForce RTX 4090,100,23102,24564,265.20,ok,8,0,0.0038513060951105293
1,hol_age_diagnostic_512_20260728,formal,2,83,18.4 (Ubuntu 18.4-1.pgdg22.04+1),0.8.5,277,1785203081.3049417,snapshot,NVIDIA GeForce RTX 4090,100,23102,24564,265.57,ok,8,0,0.00392306956272126
1,hol_age_diagnostic_512_20260728,formal,2,83,18.4 (Ubuntu 18.4-1.pgdg22.04+1),0.8.5,278,1785203081.658348,snapshot,NVIDIA GeForce RTX 4090,100,23102,24564,265.80,ok,8,0,0.0022964309635441493
1,hol_age_diagnostic_512_20260728,formal,2,83,18.4 (Ubuntu 18.4-1.pgdg22.04+1),0.8.5,279,1785203081.9842362,snapshot,NVIDIA GeForce RTX 4090,100,23102,24564,264.94,ok,8,0,0.002320352119414393
1,hol_age_diagnostic_512_20260728,formal,2,83,18.4 (Ubuntu 18.4-1.pgdg22.04+1),0.8.5,280,1785203082.290524,snapshot,NVIDIA GeForce RTX 4090,100,23102,24564,265.12,ok,8,0,0.002272509807673906
1,hol_age_diagnostic_512_20260728,formal,2,83,18.4 (Ubuntu 18.4-1.pgdg22.04+1),0.8.5,281,1785203082.5941114,snapshot,NVIDIA GeForce RTX 4090,100,23102,24564,265.20,ok,8,0,0.002535642522246695
1,hol_age_diagnostic_512_20260728,formal,2,83,18.4 (Ubuntu 18.4-1.pgdg22.04+1),0.8.5,282,1785203082.9684362,snapshot,NVIDIA GeForce RTX 4090,100,23102,24564,265.32,ok,8,0,0.002894459860300458
1,hol_age_diagnostic_512_20260728,formal,2,83,18.4 (Ubuntu 18.4-1.pgdg22.04+1),0.8.5,283,1785203083.313317,snapshot,NVIDIA GeForce RTX 4090,100,23102,24564,264.97,ok,8,0,0.0032771983542244643
1,hol_age_diagnostic_512_20260728,formal,2,83,18.4 (Ubuntu 18.4-1.pgdg22.04+1),0.8.5,284,1785203083.6829684,snapshot,NVIDIA GeForce RTX 4090,100,23102,24564,264.71,ok,8,0,0.0037556214716295555
1,hol_age_diagnostic_512_20260728,formal,2,83,18.4 (Ubuntu 18.4-1.pgdg22.04+1),0.8.5,285,1785203084.0161602,snapshot,NVIDIA GeForce RTX 4090,100,23102,24564,265.44,ok,8,0,0.003970911874461747
1,hol_age_diagnostic_512_20260728,formal,2,83,18.4 (Ubuntu 18.4-1.pgdg22.04+1),0.8.5,286,1785203084.3690891,snapshot,NVIDIA GeForce RTX 4090,100,23102,24564,266.36,ok,8,0,0.0032293560424839773
1,hol_age_diagnostic_512_20260728,formal,2,83,18.4 (Ubuntu 18.4-1.pgdg22.04+1),0.8.5,287,1785203084.6949377,snapshot,NVIDIA GeForce RTX 4090,97,23102,24564,266.64,ok,8,0,0.0030858291072625166
1,hol_age_diagnostic_512_20260728,formal,2,83,18.4 (Ubuntu 18.4-1.pgdg22.04+1),0.8.5,288,1785203085.027635,snapshot,NVIDIA GeForce RTX 4090,99,23102,24564,266.96,ok,8,0,0.0038991484068510163
1,hol_age_diagnostic_512_20260728,formal,2,83,18.4 (Ubuntu 18.4-1.pgdg22.04+1),0.8.5,289,1785203085.4024003,snapshot,NVIDIA GeForce RTX 4090,100,23102,24564,265.96,ok,8,0,0.003564252224667497
1,hol_age_diagnostic_512_20260728,formal,2,83,18.4 (Ubuntu 18.4-1.pgdg22.04+1),0.8.5,290,1785203085.728704,snapshot,NVIDIA GeForce RTX 4090,100,23102,24564,267.29,ok,8,0,0.004018754186202234
1,hol_age_diagnostic_512_20260728,formal,2,83,18.4 (Ubuntu 18.4-1.pgdg22.04+1),0.8.5,291,1785203086.091021,snapshot,NVIDIA GeForce RTX 4090,100,23102,24564,268.24,ok,8,0,0.00399483303033199
1,hol_age_diagnostic_512_20260728,formal,2,83,18.4 (Ubuntu 18.4-1.pgdg22.04+1),0.8.5,292,1785203086.4388204,snapshot,NVIDIA GeForce RTX 4090,100,23102,24564,267.97,ok,7,0,0.003827384939240286
1,hol_age_diagnostic_512_20260728,formal,2,83,18.4 (Ubuntu 18.4-1.pgdg22.04+1),0.8.5,293,1785203086.7831645,snapshot,NVIDIA GeForce RTX 4090,100,23102,24564,269.57,ok,8,0,0.0038034637833700424
1,hol_age_diagnostic_512_20260728,formal,2,83,18.4 (Ubuntu 18.4-1.pgdg22.04+1),0.8.5,294,1785203087.1075726,snapshot,NVIDIA GeForce RTX 4090,100,23102,24564,269.35,ok,8,0,0.003827384939240286
1,hol_age_diagnostic_512_20260728,formal,2,83,18.4 (Ubuntu 18.4-1.pgdg22.04+1),0.8.5,295,1785203087.4542964,snapshot,NVIDIA GeForce RTX 4090,100,23102,24564,268.95,ok,8,0,0.004162281121423805
1,hol_age_diagnostic_512_20260728,formal,2,83,18.4 (Ubuntu 18.4-1.pgdg22.04+1),0.8.5,296,1785203087.7601523,snapshot,NVIDIA GeForce RTX 4090,100,23102,24564,267.40,ok,8,0,0.003157592574873247
1,hol_age_diagnostic_512_20260728,formal,2,83,18.4 (Ubuntu 18.4-1.pgdg22.04+1),0.8.5,297,1785203088.1024053,snapshot,NVIDIA GeForce RTX 4090,100,23102,24564,266.06,ok,8,0,0.0034924887570567664
1,hol_age_diagnostic_512_20260728,formal,2,83,18.4 (Ubuntu 18.4-1.pgdg22.04+1),0.8.5,298,1785203088.404746,snapshot,NVIDIA GeForce RTX 4090,100,23102,24564,267.20,ok,8,0,0.0033011195100947077
1,hol_age_diagnostic_512_20260728,formal,2,83,18.4 (Ubuntu 18.4-1.pgdg22.04+1),0.8.5,299,1785203088.7317584,snapshot,NVIDIA GeForce RTX 4090,100,23102,24564,267.26,ok,8,0,0.004114438809683318
1,hol_age_diagnostic_512_20260728,formal,2,83,18.4 (Ubuntu 18.4-1.pgdg22.04+1),0.8.5,300,1785203089.073237,snapshot,NVIDIA GeForce RTX 4090,100,23102,24564,267.21,ok,8,0,0.003683858004018714
1,hol_age_diagnostic_512_20260728,formal,2,83,18.4 (Ubuntu 18.4-1.pgdg22.04+1),0.8.5,301,1785203089.3996928,snapshot,NVIDIA GeForce RTX 4090,100,23102,24564,267.34,ok,8,0,0.0030858291072625166
1,hol_age_diagnostic_512_20260728,formal,2,83,18.4 (Ubuntu 18.4-1.pgdg22.04+1),0.8.5,302,1785203089.7661135,snapshot,NVIDIA GeForce RTX 4090,100,23102,24564,266.27,ok,8,0,0.003157592574873247
1,hol_age_diagnostic_512_20260728,formal,2,83,18.4 (Ubuntu 18.4-1.pgdg22.04+1),0.8.5,303,1785203090.1004503,snapshot,NVIDIA GeForce RTX 4090,100,23102,24564,266.15,ok,8,0,0.003468567601186523
1,hol_age_diagnostic_512_20260728,formal,2,83,18.4 (Ubuntu 18.4-1.pgdg22.04+1),0.8.5,304,1785203090.4051852,snapshot,NVIDIA GeForce RTX 4090,100,23102,24564,266.17,ok,8,0,0.0029183810161707013
1,hol_age_diagnostic_512_20260728,formal,2,83,18.4 (Ubuntu 18.4-1.pgdg22.04+1),0.8.5,305,1785203090.7105758,snapshot,NVIDIA GeForce RTX 4090,100,23102,24564,266.14,ok,8,0,0.002846617548559971
1,hol_age_diagnostic_512_20260728,formal,2,83,18.4 (Ubuntu 18.4-1.pgdg22.04+1),0.8.5,306,1785203091.0128999,snapshot,NVIDIA GeForce RTX 4090,100,23102,24564,266.25,ok,8,0,0.002583484833987182
1,hol_age_diagnostic_512_20260728,formal,2,83,18.4 (Ubuntu 18.4-1.pgdg22.04+1),0.8.5,307,1785203091.340148,snapshot,NVIDIA GeForce RTX 4090,100,23102,24564,265.71,ok,7,0,0.0030858291072625166
1,hol_age_diagnostic_512_20260728,formal,2,83,18.4 (Ubuntu 18.4-1.pgdg22.04+1),0.8.5,308,1785203091.6656175,snapshot,NVIDIA GeForce RTX 4090,100,23102,24564,265.64,ok,8,0,0.003636015692278227
1,hol_age_diagnostic_512_20260728,formal,2,83,18.4 (Ubuntu 18.4-1.pgdg22.04+1),0.8.5,309,1785203092.031556,snapshot,NVIDIA GeForce RTX 4090,100,23102,24564,266.42,ok,8,0,0.003205434886613734
1,hol_age_diagnostic_512_20260728,formal,2,83,18.4 (Ubuntu 18.4-1.pgdg22.04+1),0.8.5,310,1785203092.337977,snapshot,NVIDIA GeForce RTX 4090,100,23102,24564,267.53,ok,8,0,0.003970911874461747
1,hol_age_diagnostic_512_20260728,formal,2,83,18.4 (Ubuntu 18.4-1.pgdg22.04+1),0.8.5,311,1785203092.6813247,snapshot,NVIDIA GeForce RTX 4090,100,23102,24564,267.74,ok,7,0,0.002128982872452445
1,hol_age_diagnostic_512_20260728,formal,2,83,18.4 (Ubuntu 18.4-1.pgdg22.04+1),0.8.5,312,1785203092.986152,snapshot,NVIDIA GeForce RTX 4090,100,23102,24564,267.70,ok,8,0,0.0032771983542244643
1,hol_age_diagnostic_512_20260728,formal,2,83,18.4 (Ubuntu 18.4-1.pgdg22.04+1),0.8.5,313,1785203093.310334,snapshot,NVIDIA GeForce RTX 4090,100,23102,24564,266.88,ok,8,0,0.0040665964979428315
1,hol_age_diagnostic_512_20260728,formal,2,83,18.4 (Ubuntu 18.4-1.pgdg22.04+1),0.8.5,314,1785203093.6514459,snapshot,NVIDIA GeForce RTX 4090,100,23102,24564,268.95,ok,8,0,0.004855994641661088
1,hol_age_diagnostic_512_20260728,formal,2,83,18.4 (Ubuntu 18.4-1.pgdg22.04+1),0.8.5,315,1785203093.978621,snapshot,NVIDIA GeForce RTX 4090,100,23102,24564,267.78,ok,8,0,0.005669313941249587
1,hol_age_diagnostic_512_20260728,formal,2,83,18.4 (Ubuntu 18.4-1.pgdg22.04+1),0.8.5,316,1785203094.3466752,snapshot,NVIDIA GeForce RTX 4090,100,23102,24564,269.72,ok,8,0,0.004186202277294049
1,hol_age_diagnostic_512_20260728,formal,2,83,18.4 (Ubuntu 18.4-1.pgdg22.04+1),0.8.5,317,1785203094.6944594,snapshot,NVIDIA GeForce RTX 4090,100,23102,24564,268.64,ok,8,0,0.003157592574873247
1,hol_age_diagnostic_512_20260728,formal,2,83,18.4 (Ubuntu 18.4-1.pgdg22.04+1),0.8.5,318,1785203095.063281,snapshot,NVIDIA GeForce RTX 4090,100,23102,24564,268.34,ok,8,0,0.0025117213663764515
1,hol_age_diagnostic_512_20260728,formal,2,83,18.4 (Ubuntu 18.4-1.pgdg22.04+1),0.8.5,319,1785203095.3875492,snapshot,NVIDIA GeForce RTX 4090,100,23102,24564,266.80,ok,8,0,0.002846617548559971
1,hol_age_diagnostic_512_20260728,formal,2,83,18.4 (Ubuntu 18.4-1.pgdg22.04+1),0.8.5,320,1785203095.7107356,snapshot,NVIDIA GeForce RTX 4090,100,23102,24564,265.74,ok,8,0,0.003636015692278227
1,hol_age_diagnostic_512_20260728,formal,2,83,18.4 (Ubuntu 18.4-1.pgdg22.04+1),0.8.5,321,1785203096.0380216,snapshot,NVIDIA GeForce RTX 4090,100,23102,24564,265.71,ok,8,0,0.0032771983542244643
1,hol_age_diagnostic_512_20260728,formal,2,83,18.4 (Ubuntu 18.4-1.pgdg22.04+1),0.8.5,322,1785203096.4020772,snapshot,NVIDIA GeForce RTX 4090,100,23102,24564,265.85,ok,8,0,0.003731700315759312
1,hol_age_diagnostic_512_20260728,formal,2,83,18.4 (Ubuntu 18.4-1.pgdg22.04+1),0.8.5,323,1785203096.7541933,snapshot,NVIDIA GeForce RTX 4090,100,23102,24564,269.80,ok,7,0,0.0056214716295091005
1,hol_age_diagnostic_512_20260728,formal,2,83,18.4 (Ubuntu 18.4-1.pgdg22.04+1),0.8.5,324,1785203097.1241057,snapshot,NVIDIA GeForce RTX 4090,100,23102,24564,273.35,ok,3,0,0.004042675342072477
1,hol_age_diagnostic_512_20260728,formal,2,83,18.4 (Ubuntu 18.4-1.pgdg22.04+1),0.8.5,325,1785203097.477258,snapshot,NVIDIA GeForce RTX 4090,100,23102,24564,270.50,ok,3,0,0.004353650368385753
1,hol_age_diagnostic_512_20260728,formal,2,83,18.4 (Ubuntu 18.4-1.pgdg22.04+1),0.8.5,326,1785203097.8006036,snapshot,NVIDIA GeForce RTX 4090,100,23102,24564,264.84,ok,3,0,0.004664625394699029
1,hol_age_diagnostic_512_20260728,formal,2,83,18.4 (Ubuntu 18.4-1.pgdg22.04+1),0.8.5,327,1785203098.1022768,snapshot,NVIDIA GeForce RTX 4090,100,23102,24564,259.60,ok,3,0,0.004927758109271818
1,hol_age_diagnostic_512_20260728,formal,2,83,18.4 (Ubuntu 18.4-1.pgdg22.04+1),0.8.5,328,1785203098.4252174,snapshot,NVIDIA GeForce RTX 4090,100,23102,24564,260.82,ok,2,0,0.002942302172040945
1,hol_age_diagnostic_512_20260728,formal,2,83,18.4 (Ubuntu 18.4-1.pgdg22.04+1),0.8.5,329,1785203098.7545168,snapshot,NVIDIA GeForce RTX 4090,100,23102,24564,270.10,ok,1,0,0.0022007463400631755
1,hol_age_diagnostic_512_20260728,formal,2,83,18.4 (Ubuntu 18.4-1.pgdg22.04+1),0.8.5,330,1785203099.0737586,snapshot,NVIDIA GeForce RTX 4090,81,23102,24564,285.94,ok,0,0,0.0
