schema_version,experiment_id,phase,repeat_index,job_id,server_version,pgvector_version,flush_policy,flush_timeout_ms,flush_max_wait_ms,arrival_time_scale,trace_index,elapsed_s,pending_rows,pending_tokens,oldest_age_s,action,reason,selected_wait_s,window_reason
2,joint_batching_submission_screen_512_20260726,formal,1,1049,18.4 (Debian 18.4-1.pgdg12+1),0.8.2,queue_adaptive,25.0,50.0,0.0005,0,0.0,1,50,0.0,wait,fixed_fallback_wait,0.025,fixed_fallback
2,joint_batching_submission_screen_512_20260726,formal,1,1049,18.4 (Debian 18.4-1.pgdg12+1),0.8.2,queue_adaptive,25.0,50.0,0.0005,1,0.031000000002677552,2,83,0.031000000002677552,flush,fixed_fallback,0.025,fixed_fallback
2,joint_batching_submission_screen_512_20260726,formal,1,1049,18.4 (Debian 18.4-1.pgdg12+1),0.8.2,queue_adaptive,25.0,50.0,0.0005,2,0.06199999999807915,1,78,0.005499999999301508,wait,underloaded_base_window_wait,0.025,underloaded_base_window
2,joint_batching_submission_screen_512_20260726,formal,1,1049,18.4 (Debian 18.4-1.pgdg12+1),0.8.2,queue_adaptive,25.0,50.0,0.0005,3,0.0930000000007567,1,78,0.03650000000197906,flush,underloaded_base_window,0.025,underloaded_base_window
2,joint_batching_submission_screen_512_20260726,formal,1,1049,18.4 (Debian 18.4-1.pgdg12+1),0.8.2,queue_adaptive,25.0,50.0,0.0005,4,0.0930000000007567,1,106,0.0030000000042491592,wait,underloaded_base_window_wait,0.025,underloaded_base_window
2,joint_batching_submission_screen_512_20260726,formal,1,1049,18.4 (Debian 18.4-1.pgdg12+1),0.8.2,queue_adaptive,25.0,50.0,0.0005,5,0.125,3,147,0.03500000000349246,flush,underloaded_base_window,0.025,underloaded_base_window
2,joint_batching_submission_screen_512_20260726,formal,1,1049,18.4 (Debian 18.4-1.pgdg12+1),0.8.2,queue_adaptive,25.0,50.0,0.0005,6,0.13999999999941792,1,282,0.012000000002444722,wait,underloaded_base_window_wait,0.025,underloaded_base_window
2,joint_batching_submission_screen_512_20260726,formal,1,1049,18.4 (Debian 18.4-1.pgdg12+1),0.8.2,queue_adaptive,25.0,50.0,0.0005,7,0.15600000000267755,2,314,0.02800000000570435,flush,underloaded_base_window,0.025,underloaded_base_window
2,joint_batching_submission_screen_512_20260726,formal,1,1049,18.4 (Debian 18.4-1.pgdg12+1),0.8.2,queue_adaptive,25.0,50.0,0.0005,8,0.2180000000007567,1,33,0.015500000001338776,wait,underloaded_base_window_wait,0.025,underloaded_base_window
2,joint_batching_submission_screen_512_20260726,formal,1,1049,18.4 (Debian 18.4-1.pgdg12+1),0.8.2,queue_adaptive,25.0,50.0,0.0005,9,0.23399999999674037,1,33,0.03149999999732245,flush,underloaded_base_window,0.025,underloaded_base_window
2,joint_batching_submission_screen_512_20260726,formal,1,1049,18.4 (Debian 18.4-1.pgdg12+1),0.8.2,queue_adaptive,25.0,50.0,0.0005,10,0.28100000000267755,1,21,0.01600000000325963,wait,underloaded_base_window_wait,0.025,underloaded_base_window
2,joint_batching_submission_screen_512_20260726,formal,1,1049,18.4 (Debian 18.4-1.pgdg12+1),0.8.2,queue_adaptive,25.0,50.0,0.0005,11,0.2960000000020955,2,87,0.031000000002677552,flush,underloaded_base_window,0.025,underloaded_base_window
2,joint_batching_submission_screen_512_20260726,formal,1,1049,18.4 (Debian 18.4-1.pgdg12+1),0.8.2,queue_adaptive,25.0,50.0,0.0005,12,0.3280000000013388,1,26,0.011500000000523869,wait,underloaded_base_window_wait,0.025,underloaded_base_window
2,joint_batching_submission_screen_512_20260726,formal,1,1049,18.4 (Debian 18.4-1.pgdg12+1),0.8.2,queue_adaptive,25.0,50.0,0.0005,13,0.3430000000007567,2,66,0.026499999999941792,flush,underloaded_base_window,0.025,underloaded_base_window
2,joint_batching_submission_screen_512_20260726,formal,1,1049,18.4 (Debian 18.4-1.pgdg12+1),0.8.2,queue_adaptive,25.0,50.0,0.0005,14,0.375,1,49,0.006999999997788109,wait,underloaded_base_window_wait,0.025,underloaded_base_window
2,joint_batching_submission_screen_512_20260726,formal,1,1049,18.4 (Debian 18.4-1.pgdg12+1),0.8.2,queue_adaptive,25.0,50.0,0.0005,15,0.40600000000267755,2,127,0.03800000000046566,flush,underloaded_base_window,0.025,underloaded_base_window
2,joint_batching_submission_screen_512_20260726,formal,1,1049,18.4 (Debian 18.4-1.pgdg12+1),0.8.2,queue_adaptive,25.0,50.0,0.0005,16,0.4210000000020955,1,22,0.01299999999901047,wait,underloaded_base_window_wait,0.025,underloaded_base_window
2,joint_batching_submission_screen_512_20260726,formal,1,1049,18.4 (Debian 18.4-1.pgdg12+1),0.8.2,queue_adaptive,25.0,50.0,0.0005,17,0.43699999999807915,1,22,0.02899999999499414,flush,underloaded_base_window,0.025,underloaded_base_window
2,joint_batching_submission_screen_512_20260726,formal,1,1049,18.4 (Debian 18.4-1.pgdg12+1),0.8.2,queue_adaptive,25.0,50.0,0.0005,18,0.48399999999674037,1,24,0.0034999999988940544,wait,underloaded_base_window_wait,0.025,underloaded_base_window
2,joint_batching_submission_screen_512_20260726,formal,1,1049,18.4 (Debian 18.4-1.pgdg12+1),0.8.2,queue_adaptive,25.0,50.0,0.0005,19,0.5149999999994179,2,48,0.03450000000157161,flush,underloaded_base_window,0.025,underloaded_base_window
2,joint_batching_submission_screen_512_20260726,formal,1,1049,18.4 (Debian 18.4-1.pgdg12+1),0.8.2,queue_adaptive,25.0,50.0,0.0005,20,0.5149999999994179,1,63,0.0034999999988940544,wait,underloaded_base_window_wait,0.025,underloaded_base_window
2,joint_batching_submission_screen_512_20260726,formal,1,1049,18.4 (Debian 18.4-1.pgdg12+1),0.8.2,queue_adaptive,25.0,50.0,0.0005,21,0.5460000000020955,2,82,0.03450000000157161,flush,underloaded_base_window,0.025,underloaded_base_window
2,joint_batching_submission_screen_512_20260726,formal,1,1049,18.4 (Debian 18.4-1.pgdg12+1),0.8.2,queue_adaptive,25.0,50.0,0.0005,22,0.5780000000013388,1,28,0.01600000000325963,wait,underloaded_base_window_wait,0.025,underloaded_base_window
2,joint_batching_submission_screen_512_20260726,formal,1,1049,18.4 (Debian 18.4-1.pgdg12+1),0.8.2,queue_adaptive,25.0,50.0,0.0005,23,0.5930000000007567,1,28,0.031000000002677552,flush,underloaded_base_window,0.025,underloaded_base_window
2,joint_batching_submission_screen_512_20260726,formal,1,1049,18.4 (Debian 18.4-1.pgdg12+1),0.8.2,queue_adaptive,25.0,50.0,0.0005,24,0.6399999999994179,1,62,0.0034999999988940544,wait,underloaded_base_window_wait,0.025,underloaded_base_window
2,joint_batching_submission_screen_512_20260726,formal,1,1049,18.4 (Debian 18.4-1.pgdg12+1),0.8.2,queue_adaptive,25.0,50.0,0.0005,25,0.6710000000020955,1,62,0.03450000000157161,flush,underloaded_base_window,0.025,underloaded_base_window
2,joint_batching_submission_screen_512_20260726,formal,1,1049,18.4 (Debian 18.4-1.pgdg12+1),0.8.2,queue_adaptive,25.0,50.0,0.0005,26,0.7339999999967404,1,35,0.011999999995168764,wait,underloaded_base_window_wait,0.025,underloaded_base_window
2,joint_batching_submission_screen_512_20260726,formal,1,1049,18.4 (Debian 18.4-1.pgdg12+1),0.8.2,queue_adaptive,25.0,50.0,0.0005,27,0.75,1,35,0.027999999998428393,flush,underloaded_base_window,0.025,underloaded_base_window
2,joint_batching_submission_screen_512_20260726,formal,1,1049,18.4 (Debian 18.4-1.pgdg12+1),0.8.2,queue_adaptive,25.0,50.0,0.0005,28,0.8119999999980791,1,340,0.008999999998195563,wait,underloaded_base_window_wait,0.025,underloaded_base_window
2,joint_batching_submission_screen_512_20260726,formal,1,1049,18.4 (Debian 18.4-1.pgdg12+1),0.8.2,queue_adaptive,25.0,50.0,0.0005,29,0.8430000000007567,1,340,0.040000000000873115,flush,underloaded_base_window,0.025,underloaded_base_window
2,joint_batching_submission_screen_512_20260726,formal,1,1049,18.4 (Debian 18.4-1.pgdg12+1),0.8.2,queue_adaptive,25.0,50.0,0.0005,30,0.8899999999994179,1,86,0.0025000000023283064,wait,underloaded_base_window_wait,0.025,underloaded_base_window
2,joint_batching_submission_screen_512_20260726,formal,1,1049,18.4 (Debian 18.4-1.pgdg12+1),0.8.2,queue_adaptive,25.0,50.0,0.0005,31,0.9210000000020955,1,86,0.03350000000500586,flush,underloaded_base_window,0.025,underloaded_base_window
2,joint_batching_submission_screen_512_20260726,formal,1,1049,18.4 (Debian 18.4-1.pgdg12+1),0.8.2,queue_adaptive,25.0,50.0,0.0005,32,1.0460000000020955,1,1072,0.014000000002852175,wait,underloaded_base_window_wait,0.025,underloaded_base_window
2,joint_batching_submission_screen_512_20260726,formal,1,1049,18.4 (Debian 18.4-1.pgdg12+1),0.8.2,queue_adaptive,25.0,50.0,0.0005,33,1.0619999999980791,1,1072,0.029999999998835847,flush,underloaded_base_window,0.025,underloaded_base_window
2,joint_batching_submission_screen_512_20260726,formal,1,1049,18.4 (Debian 18.4-1.pgdg12+1),0.8.2,queue_adaptive,25.0,50.0,0.0005,34,3.3430000000007567,1,54,2.2589999999981956,wait,underloaded_base_window_wait,0.025,underloaded_base_window
2,joint_batching_submission_screen_512_20260726,formal,1,1049,18.4 (Debian 18.4-1.pgdg12+1),0.8.2,queue_adaptive,25.0,50.0,0.0005,35,3.3430000000007567,1,54,2.2589999999981956,flush,underloaded_base_window,0.025,underloaded_base_window
2,joint_batching_submission_screen_512_20260726,formal,1,1049,18.4 (Debian 18.4-1.pgdg12+1),0.8.2,queue_adaptive,25.0,50.0,0.0005,36,3.5780000000013388,1,38,2.444000000003143,wait,underloaded_base_window_wait,0.025,underloaded_base_window
2,joint_batching_submission_screen_512_20260726,formal,1,1049,18.4 (Debian 18.4-1.pgdg12+1),0.8.2,queue_adaptive,25.0,50.0,0.0005,37,3.5780000000013388,2,1129,2.444000000003143,flush,underloaded_base_window,0.025,underloaded_base_window
2,joint_batching_submission_screen_512_20260726,formal,1,1049,18.4 (Debian 18.4-1.pgdg12+1),0.8.2,queue_adaptive,25.0,50.0,0.0005,38,3.6089999999967404,1,43,2.319499999997788,wait,underloaded_base_window_wait,0.025,underloaded_base_window
2,joint_batching_submission_screen_512_20260726,formal,1,1049,18.4 (Debian 18.4-1.pgdg12+1),0.8.2,queue_adaptive,25.0,50.0,0.0005,39,3.6089999999967404,1,43,2.319499999997788,flush,underloaded_base_window,0.025,underloaded_base_window
2,joint_batching_submission_screen_512_20260726,formal,1,1049,18.4 (Debian 18.4-1.pgdg12+1),0.8.2,queue_adaptive,25.0,50.0,0.0005,40,3.7030000000013388,1,1209,2.2925000000032014,wait,underloaded_base_window_wait,0.025,underloaded_base_window
2,joint_batching_submission_screen_512_20260726,formal,1,1049,18.4 (Debian 18.4-1.pgdg12+1),0.8.2,queue_adaptive,25.0,50.0,0.0005,41,3.7030000000013388,1,1209,2.2925000000032014,flush,underloaded_base_window,0.025,underloaded_base_window
2,joint_batching_submission_screen_512_20260726,formal,1,1049,18.4 (Debian 18.4-1.pgdg12+1),0.8.2,queue_adaptive,25.0,50.0,0.0005,42,3.7180000000007567,1,1072,2.2160000000003492,wait,underloaded_base_window_wait,0.025,underloaded_base_window
2,joint_batching_submission_screen_512_20260726,formal,1,1049,18.4 (Debian 18.4-1.pgdg12+1),0.8.2,queue_adaptive,25.0,50.0,0.0005,43,3.7180000000007567,1,1072,2.2160000000003492,flush,underloaded_base_window,0.025,underloaded_base_window
2,joint_batching_submission_screen_512_20260726,formal,1,1049,18.4 (Debian 18.4-1.pgdg12+1),0.8.2,queue_adaptive,25.0,50.0,0.0005,44,3.9060000000026776,1,1183,2.3630000000048312,wait,underloaded_base_window_wait,0.025,underloaded_base_window
2,joint_batching_submission_screen_512_20260726,formal,1,1049,18.4 (Debian 18.4-1.pgdg12+1),0.8.2,queue_adaptive,25.0,50.0,0.0005,45,3.9060000000026776,1,1183,2.3630000000048312,flush,underloaded_base_window,0.025,underloaded_base_window
2,joint_batching_submission_screen_512_20260726,formal,1,1049,18.4 (Debian 18.4-1.pgdg12+1),0.8.2,queue_adaptive,25.0,50.0,0.0005,46,3.9530000000013388,1,1075,2.3395000000018626,wait,underloaded_base_window_wait,0.025,underloaded_base_window
2,joint_batching_submission_screen_512_20260726,formal,1,1049,18.4 (Debian 18.4-1.pgdg12+1),0.8.2,queue_adaptive,25.0,50.0,0.0005,47,3.9530000000013388,1,1075,2.3395000000018626,flush,underloaded_base_window,0.025,underloaded_base_window
2,joint_batching_submission_screen_512_20260726,formal,1,1049,18.4 (Debian 18.4-1.pgdg12+1),0.8.2,queue_adaptive,25.0,50.0,0.0005,48,3.9839999999967404,1,35,1.6994999999951688,wait,underloaded_base_window_wait,0.025,underloaded_base_window
2,joint_batching_submission_screen_512_20260726,formal,1,1049,18.4 (Debian 18.4-1.pgdg12+1),0.8.2,queue_adaptive,25.0,50.0,0.0005,49,3.9839999999967404,1,35,1.6994999999951688,flush,underloaded_base_window,0.025,underloaded_base_window
2,joint_batching_submission_screen_512_20260726,formal,1,1049,18.4 (Debian 18.4-1.pgdg12+1),0.8.2,queue_adaptive,25.0,50.0,0.0005,50,4.014999999999418,1,245,1.6184999999968568,wait,underloaded_base_window_wait,0.025,underloaded_base_window
2,joint_batching_submission_screen_512_20260726,formal,1,1049,18.4 (Debian 18.4-1.pgdg12+1),0.8.2,queue_adaptive,25.0,50.0,0.0005,51,4.014999999999418,1,245,1.6184999999968568,flush,underloaded_base_window,0.025,underloaded_base_window
2,joint_batching_submission_screen_512_20260726,formal,1,1049,18.4 (Debian 18.4-1.pgdg12+1),0.8.2,queue_adaptive,25.0,50.0,0.0005,52,4.203000000001339,1,29,1.1810000000041327,wait,underloaded_base_window_wait,0.025,underloaded_base_window
2,joint_batching_submission_screen_512_20260726,formal,1,1049,18.4 (Debian 18.4-1.pgdg12+1),0.8.2,queue_adaptive,25.0,50.0,0.0005,53,4.203000000001339,1,29,1.1810000000041327,flush,underloaded_base_window,0.025,underloaded_base_window
2,joint_batching_submission_screen_512_20260726,formal,1,1049,18.4 (Debian 18.4-1.pgdg12+1),0.8.2,queue_adaptive,25.0,50.0,0.0005,54,4.203000000001339,1,37,0.955999999998312,wait,underloaded_base_window_wait,0.025,underloaded_base_window
2,joint_batching_submission_screen_512_20260726,formal,1,1049,18.4 (Debian 18.4-1.pgdg12+1),0.8.2,queue_adaptive,25.0,50.0,0.0005,55,4.203000000001339,1,37,0.955999999998312,flush,underloaded_base_window,0.025,underloaded_base_window
2,joint_batching_submission_screen_512_20260726,formal,1,1049,18.4 (Debian 18.4-1.pgdg12+1),0.8.2,queue_adaptive,25.0,50.0,0.0005,56,4.203000000001339,1,31,0.764500000004773,wait,underloaded_base_window_wait,0.025,underloaded_base_window
2,joint_batching_submission_screen_512_20260726,formal,1,1049,18.4 (Debian 18.4-1.pgdg12+1),0.8.2,queue_adaptive,25.0,50.0,0.0005,57,4.203000000001339,1,31,0.764500000004773,flush,underloaded_base_window,0.025,underloaded_base_window
2,joint_batching_submission_screen_512_20260726,formal,1,1049,18.4 (Debian 18.4-1.pgdg12+1),0.8.2,queue_adaptive,25.0,50.0,0.0005,58,4.5,1,52,1.003499999998894,wait,underloaded_base_window_wait,0.025,underloaded_base_window
2,joint_batching_submission_screen_512_20260726,formal,1,1049,18.4 (Debian 18.4-1.pgdg12+1),0.8.2,queue_adaptive,25.0,50.0,0.0005,59,4.5,1,52,1.003499999998894,flush,underloaded_base_window,0.025,underloaded_base_window
2,joint_batching_submission_screen_512_20260726,formal,1,1049,18.4 (Debian 18.4-1.pgdg12+1),0.8.2,queue_adaptive,25.0,50.0,0.0005,60,4.561999999998079,1,24,0.8434999999954016,wait,underloaded_base_window_wait,0.025,underloaded_base_window
2,joint_batching_submission_screen_512_20260726,formal,1,1049,18.4 (Debian 18.4-1.pgdg12+1),0.8.2,queue_adaptive,25.0,50.0,0.0005,61,4.561999999998079,1,24,0.8434999999954016,flush,underloaded_base_window,0.025,underloaded_base_window
2,joint_batching_submission_screen_512_20260726,formal,1,1049,18.4 (Debian 18.4-1.pgdg12+1),0.8.2,queue_adaptive,25.0,50.0,0.0005,62,4.578000000001339,1,32,0.5895000000018626,wait,underloaded_base_window_wait,0.025,underloaded_base_window
2,joint_batching_submission_screen_512_20260726,formal,1,1049,18.4 (Debian 18.4-1.pgdg12+1),0.8.2,queue_adaptive,25.0,50.0,0.0005,63,4.578000000001339,1,32,0.5895000000018626,flush,underloaded_base_window,0.025,underloaded_base_window
2,joint_batching_submission_screen_512_20260726,formal,1,1049,18.4 (Debian 18.4-1.pgdg12+1),0.8.2,queue_adaptive,25.0,50.0,0.0005,64,4.60899999999674,1,40,0.5854999999937718,wait,underloaded_base_window_wait,0.025,underloaded_base_window
2,joint_batching_submission_screen_512_20260726,formal,1,1049,18.4 (Debian 18.4-1.pgdg12+1),0.8.2,queue_adaptive,25.0,50.0,0.0005,65,4.60899999999674,1,40,0.5854999999937718,flush,underloaded_base_window,0.025,underloaded_base_window
2,joint_batching_submission_screen_512_20260726,formal,1,1049,18.4 (Debian 18.4-1.pgdg12+1),0.8.2,queue_adaptive,25.0,50.0,0.0005,66,4.6560000000026776,1,26,0.595500000003085,wait,running_pressure_wait,0.05,running_pressure
2,joint_batching_submission_screen_512_20260726,formal,1,1049,18.4 (Debian 18.4-1.pgdg12+1),0.8.2,queue_adaptive,25.0,50.0,0.0005,67,4.6560000000026776,3,603,0.595500000003085,flush,running_pressure,0.05,running_pressure
2,joint_batching_submission_screen_512_20260726,formal,1,1049,18.4 (Debian 18.4-1.pgdg12+1),0.8.2,queue_adaptive,25.0,50.0,0.0005,68,4.686999999998079,1,197,0.5604999999995925,wait,running_pressure_wait,0.05,running_pressure
2,joint_batching_submission_screen_512_20260726,formal,1,1049,18.4 (Debian 18.4-1.pgdg12+1),0.8.2,queue_adaptive,25.0,50.0,0.0005,69,4.686999999998079,1,197,0.5604999999995925,flush,running_pressure,0.05,running_pressure
2,joint_batching_submission_screen_512_20260726,formal,1,1049,18.4 (Debian 18.4-1.pgdg12+1),0.8.2,queue_adaptive,25.0,50.0,0.0005,70,4.703000000001339,1,25,0.36499999999796273,wait,running_pressure_wait,0.05,running_pressure
2,joint_batching_submission_screen_512_20260726,formal,1,1049,18.4 (Debian 18.4-1.pgdg12+1),0.8.2,queue_adaptive,25.0,50.0,0.0005,71,4.703000000001339,1,25,0.36499999999796273,flush,running_pressure,0.05,running_pressure
2,joint_batching_submission_screen_512_20260726,formal,1,1049,18.4 (Debian 18.4-1.pgdg12+1),0.8.2,queue_adaptive,25.0,50.0,0.0005,72,4.73399999999674,1,24,0.34549999999580905,wait,running_pressure_wait,0.05,running_pressure
2,joint_batching_submission_screen_512_20260726,formal,1,1049,18.4 (Debian 18.4-1.pgdg12+1),0.8.2,queue_adaptive,25.0,50.0,0.0005,73,4.73399999999674,1,24,0.34549999999580905,flush,running_pressure,0.05,running_pressure
2,joint_batching_submission_screen_512_20260726,formal,1,1049,18.4 (Debian 18.4-1.pgdg12+1),0.8.2,queue_adaptive,25.0,50.0,0.0005,74,4.7810000000026776,1,30,0.28900000000430737,wait,running_pressure_wait,0.05,running_pressure
2,joint_batching_submission_screen_512_20260726,formal,1,1049,18.4 (Debian 18.4-1.pgdg12+1),0.8.2,queue_adaptive,25.0,50.0,0.0005,75,4.7810000000026776,2,89,0.28900000000430737,flush,running_pressure,0.05,running_pressure
2,joint_batching_submission_screen_512_20260726,formal,1,1049,18.4 (Debian 18.4-1.pgdg12+1),0.8.2,queue_adaptive,25.0,50.0,0.0005,76,4.7810000000026776,1,40,0.07450000000244472,wait,running_pressure_wait,0.05,running_pressure
2,joint_batching_submission_screen_512_20260726,formal,1,1049,18.4 (Debian 18.4-1.pgdg12+1),0.8.2,queue_adaptive,25.0,50.0,0.0005,77,4.7810000000026776,1,40,0.07450000000244472,flush,running_pressure,0.05,running_pressure
2,joint_batching_submission_screen_512_20260726,formal,1,1049,18.4 (Debian 18.4-1.pgdg12+1),0.8.2,queue_adaptive,25.0,50.0,0.0005,78,5.10899999999674,1,45,0.008999999998195563,wait,underloaded_base_window_wait,0.025,underloaded_base_window
2,joint_batching_submission_screen_512_20260726,formal,1,1049,18.4 (Debian 18.4-1.pgdg12+1),0.8.2,queue_adaptive,25.0,50.0,0.0005,79,5.139999999999418,1,45,0.040000000000873115,flush,underloaded_base_window,0.025,underloaded_base_window
2,joint_batching_submission_screen_512_20260726,formal,1,1049,18.4 (Debian 18.4-1.pgdg12+1),0.8.2,queue_adaptive,25.0,50.0,0.0005,80,5.218000000000757,1,30,0.013500000000931323,wait,underloaded_base_window_wait,0.025,underloaded_base_window
2,joint_batching_submission_screen_512_20260726,formal,1,1049,18.4 (Debian 18.4-1.pgdg12+1),0.8.2,queue_adaptive,25.0,50.0,0.0005,81,5.23399999999674,2,80,0.029499999996914994,flush,underloaded_base_window,0.025,underloaded_base_window
2,joint_batching_submission_screen_512_20260726,formal,1,1049,18.4 (Debian 18.4-1.pgdg12+1),0.8.2,queue_adaptive,25.0,50.0,0.0005,82,5.2960000000020955,1,27,0.010000000002037268,wait,underloaded_base_window_wait,0.025,underloaded_base_window
2,joint_batching_submission_screen_512_20260726,formal,1,1049,18.4 (Debian 18.4-1.pgdg12+1),0.8.2,queue_adaptive,25.0,50.0,0.0005,83,5.311999999998079,3,403,0.02599999999802094,flush,underloaded_base_window,0.025,underloaded_base_window
2,joint_batching_submission_screen_512_20260726,formal,1,1049,18.4 (Debian 18.4-1.pgdg12+1),0.8.2,queue_adaptive,25.0,50.0,0.0005,84,5.328000000001339,1,30,0.012500000004365575,wait,underloaded_base_window_wait,0.025,underloaded_base_window
2,joint_batching_submission_screen_512_20260726,formal,1,1049,18.4 (Debian 18.4-1.pgdg12+1),0.8.2,queue_adaptive,25.0,50.0,0.0005,85,5.343000000000757,2,461,0.027500000003783498,flush,underloaded_base_window,0.025,underloaded_base_window
2,joint_batching_submission_screen_512_20260726,formal,1,1049,18.4 (Debian 18.4-1.pgdg12+1),0.8.2,queue_adaptive,25.0,50.0,0.0005,86,5.375,1,149,0.007499999999708962,wait,underloaded_base_window_wait,0.025,underloaded_base_window
2,joint_batching_submission_screen_512_20260726,formal,1,1049,18.4 (Debian 18.4-1.pgdg12+1),0.8.2,queue_adaptive,25.0,50.0,0.0005,87,5.4060000000026776,3,200,0.038500000002386514,flush,underloaded_base_window,0.025,underloaded_base_window
2,joint_batching_submission_screen_512_20260726,formal,1,1049,18.4 (Debian 18.4-1.pgdg12+1),0.8.2,queue_adaptive,25.0,50.0,0.0005,88,5.4060000000026776,1,59,0.0025000000023283064,wait,underloaded_base_window_wait,0.025,underloaded_base_window
2,joint_batching_submission_screen_512_20260726,formal,1,1049,18.4 (Debian 18.4-1.pgdg12+1),0.8.2,queue_adaptive,25.0,50.0,0.0005,89,5.436999999998079,2,101,0.0334999999977299,flush,underloaded_base_window,0.025,underloaded_base_window
2,joint_batching_submission_screen_512_20260726,formal,1,1049,18.4 (Debian 18.4-1.pgdg12+1),0.8.2,queue_adaptive,25.0,50.0,0.0005,90,5.48399999999674,1,39,0.011999999995168764,wait,underloaded_base_window_wait,0.025,underloaded_base_window
2,joint_batching_submission_screen_512_20260726,formal,1,1049,18.4 (Debian 18.4-1.pgdg12+1),0.8.2,queue_adaptive,25.0,50.0,0.0005,91,5.5,2,1067,0.027999999998428393,flush,underloaded_base_window,0.025,underloaded_base_window
2,joint_batching_submission_screen_512_20260726,formal,1,1049,18.4 (Debian 18.4-1.pgdg12+1),0.8.2,queue_adaptive,25.0,50.0,0.0005,92,5.561999999998079,1,303,0.016499999997904524,wait,underloaded_base_window_wait,0.025,underloaded_base_window
2,joint_batching_submission_screen_512_20260726,formal,1,1049,18.4 (Debian 18.4-1.pgdg12+1),0.8.2,queue_adaptive,25.0,50.0,0.0005,93,5.578000000001339,1,303,0.03250000000116415,flush,underloaded_base_window,0.025,underloaded_base_window
2,joint_batching_submission_screen_512_20260726,formal,1,1049,18.4 (Debian 18.4-1.pgdg12+1),0.8.2,queue_adaptive,25.0,50.0,0.0005,94,5.718000000000757,1,65,0.014999999999417923,wait,underloaded_base_window_wait,0.025,underloaded_base_window
2,joint_batching_submission_screen_512_20260726,formal,1,1049,18.4 (Debian 18.4-1.pgdg12+1),0.8.2,queue_adaptive,25.0,50.0,0.0005,95,5.73399999999674,1,65,0.030999999995401595,flush,underloaded_base_window,0.025,underloaded_base_window
2,joint_batching_submission_screen_512_20260726,formal,1,1049,18.4 (Debian 18.4-1.pgdg12+1),0.8.2,queue_adaptive,25.0,50.0,0.0005,96,5.764999999999418,1,23,0.008999999998195563,wait,underloaded_base_window_wait,0.025,underloaded_base_window
2,joint_batching_submission_screen_512_20260726,formal,1,1049,18.4 (Debian 18.4-1.pgdg12+1),0.8.2,queue_adaptive,25.0,50.0,0.0005,97,5.7810000000026776,2,379,0.02500000000145519,flush,underloaded_base_window,0.025,underloaded_base_window
2,joint_batching_submission_screen_512_20260726,formal,1,1049,18.4 (Debian 18.4-1.pgdg12+1),0.8.2,queue_adaptive,25.0,50.0,0.0005,98,5.828000000001339,1,35,0.009500000000116415,wait,underloaded_base_window_wait,0.025,underloaded_base_window
2,joint_batching_submission_screen_512_20260726,formal,1,1049,18.4 (Debian 18.4-1.pgdg12+1),0.8.2,queue_adaptive,25.0,50.0,0.0005,99,5.85899999999674,1,35,0.04049999999551801,flush,underloaded_base_window,0.025,underloaded_base_window
2,joint_batching_submission_screen_512_20260726,formal,1,1049,18.4 (Debian 18.4-1.pgdg12+1),0.8.2,queue_adaptive,25.0,50.0,0.0005,100,5.9210000000020955,1,422,0.014999999999417923,wait,underloaded_base_window_wait,0.025,underloaded_base_window
2,joint_batching_submission_screen_512_20260726,formal,1,1049,18.4 (Debian 18.4-1.pgdg12+1),0.8.2,queue_adaptive,25.0,50.0,0.0005,101,5.936999999998079,2,439,0.030999999995401595,flush,underloaded_base_window,0.025,underloaded_base_window
2,joint_batching_submission_screen_512_20260726,formal,1,1049,18.4 (Debian 18.4-1.pgdg12+1),0.8.2,queue_adaptive,25.0,50.0,0.0005,102,6.2810000000026776,1,22,0.003500000006170012,wait,underloaded_base_window_wait,0.025,underloaded_base_window
2,joint_batching_submission_screen_512_20260726,formal,1,1049,18.4 (Debian 18.4-1.pgdg12+1),0.8.2,queue_adaptive,25.0,50.0,0.0005,103,6.311999999998079,1,22,0.03450000000157161,flush,underloaded_base_window,0.025,underloaded_base_window
2,joint_batching_submission_screen_512_20260726,formal,1,1049,18.4 (Debian 18.4-1.pgdg12+1),0.8.2,queue_adaptive,25.0,50.0,0.0005,104,7.311999999998079,1,19,0.005499999999301508,wait,underloaded_base_window_wait,0.025,underloaded_base_window
2,joint_batching_submission_screen_512_20260726,formal,1,1049,18.4 (Debian 18.4-1.pgdg12+1),0.8.2,queue_adaptive,25.0,50.0,0.0005,105,7.343000000000757,1,19,0.03650000000197906,flush,underloaded_base_window,0.025,underloaded_base_window
2,joint_batching_submission_screen_512_20260726,formal,1,1049,18.4 (Debian 18.4-1.pgdg12+1),0.8.2,queue_adaptive,25.0,50.0,0.0005,106,9.514999999999418,1,17,0.007499999999708962,wait,underloaded_base_window_wait,0.025,underloaded_base_window
2,joint_batching_submission_screen_512_20260726,formal,1,1049,18.4 (Debian 18.4-1.pgdg12+1),0.8.2,queue_adaptive,25.0,50.0,0.0005,107,9.546000000002095,1,17,0.038500000002386514,flush,underloaded_base_window,0.025,underloaded_base_window
2,joint_batching_submission_screen_512_20260726,formal,1,1049,18.4 (Debian 18.4-1.pgdg12+1),0.8.2,queue_adaptive,25.0,50.0,0.0005,108,9.56199999999808,1,84,0.010499999996682163,wait,underloaded_base_window_wait,0.025,underloaded_base_window
2,joint_batching_submission_screen_512_20260726,formal,1,1049,18.4 (Debian 18.4-1.pgdg12+1),0.8.2,queue_adaptive,25.0,50.0,0.0005,109,9.578000000001339,1,84,0.026499999999941792,flush,underloaded_base_window,0.025,underloaded_base_window
2,joint_batching_submission_screen_512_20260726,formal,1,1049,18.4 (Debian 18.4-1.pgdg12+1),0.8.2,queue_adaptive,25.0,50.0,0.0005,110,9.764999999999418,1,34,0.017999999996391125,wait,underloaded_base_window_wait,0.025,underloaded_base_window
2,joint_batching_submission_screen_512_20260726,formal,1,1049,18.4 (Debian 18.4-1.pgdg12+1),0.8.2,queue_adaptive,25.0,50.0,0.0005,111,9.781000000002678,1,34,0.033999999999650754,flush,underloaded_base_window,0.025,underloaded_base_window
2,joint_batching_submission_screen_512_20260726,formal,1,1049,18.4 (Debian 18.4-1.pgdg12+1),0.8.2,queue_adaptive,25.0,50.0,0.0005,112,9.81199999999808,1,23,0.013999999995576218,wait,underloaded_base_window_wait,0.025,underloaded_base_window
2,joint_batching_submission_screen_512_20260726,formal,1,1049,18.4 (Debian 18.4-1.pgdg12+1),0.8.2,queue_adaptive,25.0,50.0,0.0005,113,9.828000000001339,1,23,0.029999999998835847,flush,underloaded_base_window,0.025,underloaded_base_window
2,joint_batching_submission_screen_512_20260726,formal,1,1049,18.4 (Debian 18.4-1.pgdg12+1),0.8.2,queue_adaptive,25.0,50.0,0.0005,114,10.156000000002678,1,90,0.014500000004773028,wait,underloaded_base_window_wait,0.025,underloaded_base_window
2,joint_batching_submission_screen_512_20260726,formal,1,1049,18.4 (Debian 18.4-1.pgdg12+1),0.8.2,queue_adaptive,25.0,50.0,0.0005,115,10.171000000002095,1,90,0.02950000000419095,flush,underloaded_base_window,0.025,underloaded_base_window
2,joint_batching_submission_screen_512_20260726,formal,1,1049,18.4 (Debian 18.4-1.pgdg12+1),0.8.2,queue_adaptive,25.0,50.0,0.0005,116,13.48399999999674,1,19,0.016999999999825377,wait,underloaded_base_window_wait,0.025,underloaded_base_window
2,joint_batching_submission_screen_512_20260726,formal,1,1049,18.4 (Debian 18.4-1.pgdg12+1),0.8.2,queue_adaptive,25.0,50.0,0.0005,117,13.5,1,19,0.033000000003085006,flush,underloaded_base_window,0.025,underloaded_base_window
2,joint_batching_submission_screen_512_20260726,formal,1,1049,18.4 (Debian 18.4-1.pgdg12+1),0.8.2,queue_adaptive,25.0,50.0,0.0005,118,13.531000000002678,1,36,0.014999999999417923,wait,underloaded_base_window_wait,0.025,underloaded_base_window
2,joint_batching_submission_screen_512_20260726,formal,1,1049,18.4 (Debian 18.4-1.pgdg12+1),0.8.2,queue_adaptive,25.0,50.0,0.0005,119,13.546000000002095,1,36,0.029999999998835847,flush,underloaded_base_window,0.025,underloaded_base_window
2,joint_batching_submission_screen_512_20260726,formal,1,1049,18.4 (Debian 18.4-1.pgdg12+1),0.8.2,queue_adaptive,25.0,50.0,0.0005,120,13.593000000000757,1,23,0.01449999999749707,wait,underloaded_base_window_wait,0.025,underloaded_base_window
2,joint_batching_submission_screen_512_20260726,formal,1,1049,18.4 (Debian 18.4-1.pgdg12+1),0.8.2,queue_adaptive,25.0,50.0,0.0005,121,13.60899999999674,1,23,0.030499999993480742,flush,underloaded_base_window,0.025,underloaded_base_window
2,joint_batching_submission_screen_512_20260726,formal,1,1049,18.4 (Debian 18.4-1.pgdg12+1),0.8.2,queue_adaptive,25.0,50.0,0.0005,122,13.656000000002678,1,37,0.005000000004656613,wait,underloaded_base_window_wait,0.025,underloaded_base_window
2,joint_batching_submission_screen_512_20260726,formal,1,1049,18.4 (Debian 18.4-1.pgdg12+1),0.8.2,queue_adaptive,25.0,50.0,0.0005,123,13.68699999999808,1,37,0.03600000000005821,flush,underloaded_base_window,0.025,underloaded_base_window
2,joint_batching_submission_screen_512_20260726,formal,1,1049,18.4 (Debian 18.4-1.pgdg12+1),0.8.2,queue_adaptive,25.0,50.0,0.0005,124,13.953000000001339,1,28,0.008500000003550667,wait,underloaded_base_window_wait,0.025,underloaded_base_window
2,joint_batching_submission_screen_512_20260726,formal,1,1049,18.4 (Debian 18.4-1.pgdg12+1),0.8.2,queue_adaptive,25.0,50.0,0.0005,125,13.98399999999674,1,28,0.03949999999895226,flush,underloaded_base_window,0.025,underloaded_base_window
2,joint_batching_submission_screen_512_20260726,formal,1,1049,18.4 (Debian 18.4-1.pgdg12+1),0.8.2,queue_adaptive,25.0,50.0,0.0005,126,13.98399999999674,1,47,0.012499999997089617,wait,underloaded_base_window_wait,0.025,underloaded_base_window
2,joint_batching_submission_screen_512_20260726,formal,1,1049,18.4 (Debian 18.4-1.pgdg12+1),0.8.2,queue_adaptive,25.0,50.0,0.0005,127,14.0,1,47,0.028500000000349246,flush,underloaded_base_window,0.025,underloaded_base_window
2,joint_batching_submission_screen_512_20260726,formal,1,1049,18.4 (Debian 18.4-1.pgdg12+1),0.8.2,queue_adaptive,25.0,50.0,0.0005,128,14.203000000001339,1,19,0.010999999998603016,wait,underloaded_base_window_wait,0.025,underloaded_base_window
2,joint_batching_submission_screen_512_20260726,formal,1,1049,18.4 (Debian 18.4-1.pgdg12+1),0.8.2,queue_adaptive,25.0,50.0,0.0005,129,14.218000000000757,2,46,0.02599999999802094,flush,underloaded_base_window,0.025,underloaded_base_window
2,joint_batching_submission_screen_512_20260726,formal,1,1049,18.4 (Debian 18.4-1.pgdg12+1),0.8.2,queue_adaptive,25.0,50.0,0.0005,130,14.296000000002095,1,23,0.01299999999901047,wait,underloaded_base_window_wait,0.025,underloaded_base_window
2,joint_batching_submission_screen_512_20260726,formal,1,1049,18.4 (Debian 18.4-1.pgdg12+1),0.8.2,queue_adaptive,25.0,50.0,0.0005,131,14.31199999999808,1,23,0.02899999999499414,flush,underloaded_base_window,0.025,underloaded_base_window
2,joint_batching_submission_screen_512_20260726,formal,1,1049,18.4 (Debian 18.4-1.pgdg12+1),0.8.2,queue_adaptive,25.0,50.0,0.0005,132,14.389999999999418,1,37,0.010000000002037268,wait,underloaded_base_window_wait,0.025,underloaded_base_window
2,joint_batching_submission_screen_512_20260726,formal,1,1049,18.4 (Debian 18.4-1.pgdg12+1),0.8.2,queue_adaptive,25.0,50.0,0.0005,133,14.406000000002678,1,37,0.026000000005296897,flush,underloaded_base_window,0.025,underloaded_base_window
2,joint_batching_submission_screen_512_20260726,formal,1,1049,18.4 (Debian 18.4-1.pgdg12+1),0.8.2,queue_adaptive,25.0,50.0,0.0005,134,14.421000000002095,1,56,0.00900000000547152,wait,underloaded_base_window_wait,0.025,underloaded_base_window
2,joint_batching_submission_screen_512_20260726,formal,1,1049,18.4 (Debian 18.4-1.pgdg12+1),0.8.2,queue_adaptive,25.0,50.0,0.0005,135,14.453000000001339,1,56,0.04100000000471482,flush,underloaded_base_window,0.025,underloaded_base_window
2,joint_batching_submission_screen_512_20260726,formal,1,1049,18.4 (Debian 18.4-1.pgdg12+1),0.8.2,queue_adaptive,25.0,50.0,0.0005,136,14.73399999999674,1,34,0.011499999993247911,wait,underloaded_base_window_wait,0.025,underloaded_base_window
2,joint_batching_submission_screen_512_20260726,formal,1,1049,18.4 (Debian 18.4-1.pgdg12+1),0.8.2,queue_adaptive,25.0,50.0,0.0005,137,14.75,1,34,0.02749999999650754,flush,underloaded_base_window,0.025,underloaded_base_window
2,joint_batching_submission_screen_512_20260726,formal,1,1049,18.4 (Debian 18.4-1.pgdg12+1),0.8.2,queue_adaptive,25.0,50.0,0.0005,138,14.781000000002678,1,30,0.00900000000547152,wait,underloaded_base_window_wait,0.025,underloaded_base_window
2,joint_batching_submission_screen_512_20260726,formal,1,1049,18.4 (Debian 18.4-1.pgdg12+1),0.8.2,queue_adaptive,25.0,50.0,0.0005,139,14.81199999999808,2,51,0.040000000000873115,flush,underloaded_base_window,0.025,underloaded_base_window
2,joint_batching_submission_screen_512_20260726,formal,1,1049,18.4 (Debian 18.4-1.pgdg12+1),0.8.2,queue_adaptive,25.0,50.0,0.0005,140,14.828000000001339,1,119,0.006500000003143214,wait,underloaded_base_window_wait,0.025,underloaded_base_window
2,joint_batching_submission_screen_512_20260726,formal,1,1049,18.4 (Debian 18.4-1.pgdg12+1),0.8.2,queue_adaptive,25.0,50.0,0.0005,141,14.85899999999674,1,119,0.03749999999854481,flush,underloaded_base_window,0.025,underloaded_base_window
2,joint_batching_submission_screen_512_20260726,formal,1,1049,18.4 (Debian 18.4-1.pgdg12+1),0.8.2,queue_adaptive,25.0,50.0,0.0005,142,14.921000000002095,1,27,0.012500000004365575,wait,underloaded_base_window_wait,0.025,underloaded_base_window
2,joint_batching_submission_screen_512_20260726,formal,1,1049,18.4 (Debian 18.4-1.pgdg12+1),0.8.2,queue_adaptive,25.0,50.0,0.0005,143,14.93699999999808,4,120,0.028500000000349246,flush,underloaded_base_window,0.025,underloaded_base_window
2,joint_batching_submission_screen_512_20260726,formal,1,1049,18.4 (Debian 18.4-1.pgdg12+1),0.8.2,queue_adaptive,25.0,50.0,0.0005,144,14.953000000001339,1,26,0.0020000000004074536,wait,underloaded_base_window_wait,0.025,underloaded_base_window
2,joint_batching_submission_screen_512_20260726,formal,1,1049,18.4 (Debian 18.4-1.pgdg12+1),0.8.2,queue_adaptive,25.0,50.0,0.0005,145,14.98399999999674,1,26,0.03299999999580905,flush,underloaded_base_window,0.025,underloaded_base_window
2,joint_batching_submission_screen_512_20260726,formal,1,1049,18.4 (Debian 18.4-1.pgdg12+1),0.8.2,queue_adaptive,25.0,50.0,0.0005,146,15.0,1,29,0.008999999998195563,wait,underloaded_base_window_wait,0.025,underloaded_base_window
2,joint_batching_submission_screen_512_20260726,formal,1,1049,18.4 (Debian 18.4-1.pgdg12+1),0.8.2,queue_adaptive,25.0,50.0,0.0005,147,15.031000000002678,3,74,0.040000000000873115,flush,underloaded_base_window,0.025,underloaded_base_window
2,joint_batching_submission_screen_512_20260726,formal,1,1049,18.4 (Debian 18.4-1.pgdg12+1),0.8.2,queue_adaptive,25.0,50.0,0.0005,148,15.06199999999808,1,46,0.016499999997904524,wait,underloaded_base_window_wait,0.025,underloaded_base_window
2,joint_batching_submission_screen_512_20260726,formal,1,1049,18.4 (Debian 18.4-1.pgdg12+1),0.8.2,queue_adaptive,25.0,50.0,0.0005,149,15.078000000001339,1,46,0.03250000000116415,flush,underloaded_base_window,0.025,underloaded_base_window
2,joint_batching_submission_screen_512_20260726,formal,1,1049,18.4 (Debian 18.4-1.pgdg12+1),0.8.2,queue_adaptive,25.0,50.0,0.0005,150,15.171000000002095,1,25,0.011500000000523869,wait,underloaded_base_window_wait,0.025,underloaded_base_window
2,joint_batching_submission_screen_512_20260726,formal,1,1049,18.4 (Debian 18.4-1.pgdg12+1),0.8.2,queue_adaptive,25.0,50.0,0.0005,151,15.18699999999808,5,169,0.02749999999650754,flush,underloaded_base_window,0.025,underloaded_base_window
2,joint_batching_submission_screen_512_20260726,formal,1,1049,18.4 (Debian 18.4-1.pgdg12+1),0.8.2,queue_adaptive,25.0,50.0,0.0005,152,15.203000000001339,1,311,0.008999999998195563,wait,underloaded_base_window_wait,0.025,underloaded_base_window
2,joint_batching_submission_screen_512_20260726,formal,1,1049,18.4 (Debian 18.4-1.pgdg12+1),0.8.2,queue_adaptive,25.0,50.0,0.0005,153,15.23399999999674,3,597,0.03999999999359716,flush,underloaded_base_window,0.025,underloaded_base_window
2,joint_batching_submission_screen_512_20260726,formal,1,1049,18.4 (Debian 18.4-1.pgdg12+1),0.8.2,queue_adaptive,25.0,50.0,0.0005,154,15.25,1,279,0.01449999999749707,wait,underloaded_base_window_wait,0.025,underloaded_base_window
2,joint_batching_submission_screen_512_20260726,formal,1,1049,18.4 (Debian 18.4-1.pgdg12+1),0.8.2,queue_adaptive,25.0,50.0,0.0005,155,15.264999999999418,1,279,0.029499999996914994,flush,underloaded_base_window,0.025,underloaded_base_window
2,joint_batching_submission_screen_512_20260726,formal,1,1049,18.4 (Debian 18.4-1.pgdg12+1),0.8.2,queue_adaptive,25.0,50.0,0.0005,156,15.264999999999418,1,20,0.0034999999988940544,wait,underloaded_base_window_wait,0.025,underloaded_base_window
2,joint_batching_submission_screen_512_20260726,formal,1,1049,18.4 (Debian 18.4-1.pgdg12+1),0.8.2,queue_adaptive,25.0,50.0,0.0005,157,15.296000000002095,1,20,0.03450000000157161,flush,underloaded_base_window,0.025,underloaded_base_window
2,joint_batching_submission_screen_512_20260726,formal,1,1049,18.4 (Debian 18.4-1.pgdg12+1),0.8.2,queue_adaptive,25.0,50.0,0.0005,158,15.31199999999808,1,259,0.013999999995576218,wait,underloaded_base_window_wait,0.025,underloaded_base_window
2,joint_batching_submission_screen_512_20260726,formal,1,1049,18.4 (Debian 18.4-1.pgdg12+1),0.8.2,queue_adaptive,25.0,50.0,0.0005,159,15.328000000001339,3,392,0.029999999998835847,flush,underloaded_base_window,0.025,underloaded_base_window
2,joint_batching_submission_screen_512_20260726,formal,1,1049,18.4 (Debian 18.4-1.pgdg12+1),0.8.2,queue_adaptive,25.0,50.0,0.0005,160,15.328000000001339,1,65,0.0034999999988940544,wait,underloaded_base_window_wait,0.025,underloaded_base_window
2,joint_batching_submission_screen_512_20260726,formal,1,1049,18.4 (Debian 18.4-1.pgdg12+1),0.8.2,queue_adaptive,25.0,50.0,0.0005,161,15.35899999999674,2,104,0.03449999999429565,flush,underloaded_base_window,0.025,underloaded_base_window
2,joint_batching_submission_screen_512_20260726,formal,1,1049,18.4 (Debian 18.4-1.pgdg12+1),0.8.2,queue_adaptive,25.0,50.0,0.0005,162,15.406000000002678,1,25,0.011000000005878974,wait,underloaded_base_window_wait,0.025,underloaded_base_window
2,joint_batching_submission_screen_512_20260726,formal,1,1049,18.4 (Debian 18.4-1.pgdg12+1),0.8.2,queue_adaptive,25.0,50.0,0.0005,163,15.421000000002095,1,25,0.026000000005296897,flush,underloaded_base_window,0.025,underloaded_base_window
2,joint_batching_submission_screen_512_20260726,formal,1,1049,18.4 (Debian 18.4-1.pgdg12+1),0.8.2,queue_adaptive,25.0,50.0,0.0005,164,15.43699999999808,1,20,0.013500000000931323,wait,underloaded_base_window_wait,0.025,underloaded_base_window
2,joint_batching_submission_screen_512_20260726,formal,1,1049,18.4 (Debian 18.4-1.pgdg12+1),0.8.2,queue_adaptive,25.0,50.0,0.0005,165,15.453000000001339,3,504,0.02950000000419095,flush,underloaded_base_window,0.025,underloaded_base_window
2,joint_batching_submission_screen_512_20260726,formal,1,1049,18.4 (Debian 18.4-1.pgdg12+1),0.8.2,queue_adaptive,25.0,50.0,0.0005,166,15.593000000000757,1,364,0.014000000002852175,wait,underloaded_base_window_wait,0.025,underloaded_base_window
2,joint_batching_submission_screen_512_20260726,formal,1,1049,18.4 (Debian 18.4-1.pgdg12+1),0.8.2,queue_adaptive,25.0,50.0,0.0005,167,15.60899999999674,1,364,0.029999999998835847,flush,underloaded_base_window,0.025,underloaded_base_window
2,joint_batching_submission_screen_512_20260726,formal,1,1049,18.4 (Debian 18.4-1.pgdg12+1),0.8.2,queue_adaptive,25.0,50.0,0.0005,168,15.625,1,43,0.005499999999301508,wait,underloaded_base_window_wait,0.025,underloaded_base_window
2,joint_batching_submission_screen_512_20260726,formal,1,1049,18.4 (Debian 18.4-1.pgdg12+1),0.8.2,queue_adaptive,25.0,50.0,0.0005,169,15.656000000002678,2,73,0.03650000000197906,flush,underloaded_base_window,0.025,underloaded_base_window
2,joint_batching_submission_screen_512_20260726,formal,1,1049,18.4 (Debian 18.4-1.pgdg12+1),0.8.2,queue_adaptive,25.0,50.0,0.0005,170,15.703000000001339,1,33,0.010500000003958121,wait,underloaded_base_window_wait,0.025,underloaded_base_window
2,joint_batching_submission_screen_512_20260726,formal,1,1049,18.4 (Debian 18.4-1.pgdg12+1),0.8.2,queue_adaptive,25.0,50.0,0.0005,171,15.718000000000757,1,33,0.025500000003376044,flush,underloaded_base_window,0.025,underloaded_base_window
2,joint_batching_submission_screen_512_20260726,formal,1,1049,18.4 (Debian 18.4-1.pgdg12+1),0.8.2,queue_adaptive,25.0,50.0,0.0005,172,15.73399999999674,1,70,0.007499999999708962,wait,underloaded_base_window_wait,0.025,underloaded_base_window
2,joint_batching_submission_screen_512_20260726,formal,1,1049,18.4 (Debian 18.4-1.pgdg12+1),0.8.2,queue_adaptive,25.0,50.0,0.0005,173,15.764999999999418,1,70,0.038500000002386514,flush,underloaded_base_window,0.025,underloaded_base_window
2,joint_batching_submission_screen_512_20260726,formal,1,1049,18.4 (Debian 18.4-1.pgdg12+1),0.8.2,queue_adaptive,25.0,50.0,0.0005,174,15.906000000002678,1,22,0.013500000000931323,wait,underloaded_base_window_wait,0.025,underloaded_base_window
2,joint_batching_submission_screen_512_20260726,formal,1,1049,18.4 (Debian 18.4-1.pgdg12+1),0.8.2,queue_adaptive,25.0,50.0,0.0005,175,15.921000000002095,3,75,0.028500000000349246,flush,underloaded_base_window,0.025,underloaded_base_window
2,joint_batching_submission_screen_512_20260726,formal,1,1049,18.4 (Debian 18.4-1.pgdg12+1),0.8.2,queue_adaptive,25.0,50.0,0.0005,176,15.921000000002095,1,17,0.0030000000042491592,wait,underloaded_base_window_wait,0.025,underloaded_base_window
2,joint_batching_submission_screen_512_20260726,formal,1,1049,18.4 (Debian 18.4-1.pgdg12+1),0.8.2,queue_adaptive,25.0,50.0,0.0005,177,15.953000000001339,1,17,0.03500000000349246,flush,underloaded_base_window,0.025,underloaded_base_window
2,joint_batching_submission_screen_512_20260726,formal,1,1049,18.4 (Debian 18.4-1.pgdg12+1),0.8.2,queue_adaptive,25.0,50.0,0.0005,178,15.953000000001339,1,162,0.0025000000023283064,wait,underloaded_base_window_wait,0.025,underloaded_base_window
2,joint_batching_submission_screen_512_20260726,formal,1,1049,18.4 (Debian 18.4-1.pgdg12+1),0.8.2,queue_adaptive,25.0,50.0,0.0005,179,15.98399999999674,1,162,0.0334999999977299,flush,underloaded_base_window,0.025,underloaded_base_window
2,joint_batching_submission_screen_512_20260726,formal,1,1049,18.4 (Debian 18.4-1.pgdg12+1),0.8.2,queue_adaptive,25.0,50.0,0.0005,180,16.0,1,24,0.010000000002037268,wait,underloaded_base_window_wait,0.025,underloaded_base_window
2,joint_batching_submission_screen_512_20260726,formal,1,1049,18.4 (Debian 18.4-1.pgdg12+1),0.8.2,queue_adaptive,25.0,50.0,0.0005,181,16.031000000002678,4,105,0.04100000000471482,flush,underloaded_base_window,0.025,underloaded_base_window
2,joint_batching_submission_screen_512_20260726,formal,1,1049,18.4 (Debian 18.4-1.pgdg12+1),0.8.2,queue_adaptive,25.0,50.0,0.0005,182,16.06199999999808,1,19,0.004999999997380655,wait,underloaded_base_window_wait,0.025,underloaded_base_window
2,joint_batching_submission_screen_512_20260726,formal,1,1049,18.4 (Debian 18.4-1.pgdg12+1),0.8.2,queue_adaptive,25.0,50.0,0.0005,183,16.093000000000757,1,19,0.03600000000005821,flush,underloaded_base_window,0.025,underloaded_base_window
2,joint_batching_submission_screen_512_20260726,formal,1,1049,18.4 (Debian 18.4-1.pgdg12+1),0.8.2,queue_adaptive,25.0,50.0,0.0005,184,16.093000000000757,1,35,0.0030000000042491592,wait,underloaded_base_window_wait,0.025,underloaded_base_window
2,joint_batching_submission_screen_512_20260726,formal,1,1049,18.4 (Debian 18.4-1.pgdg12+1),0.8.2,queue_adaptive,25.0,50.0,0.0005,185,16.125,1,35,0.03500000000349246,flush,underloaded_base_window,0.025,underloaded_base_window
2,joint_batching_submission_screen_512_20260726,formal,1,1049,18.4 (Debian 18.4-1.pgdg12+1),0.8.2,queue_adaptive,25.0,50.0,0.0005,186,16.125,1,19,0.004000000000814907,wait,underloaded_base_window_wait,0.025,underloaded_base_window
2,joint_batching_submission_screen_512_20260726,formal,1,1049,18.4 (Debian 18.4-1.pgdg12+1),0.8.2,queue_adaptive,25.0,50.0,0.0005,187,16.156000000002678,1,19,0.03500000000349246,flush,underloaded_base_window,0.025,underloaded_base_window
2,joint_batching_submission_screen_512_20260726,formal,1,1049,18.4 (Debian 18.4-1.pgdg12+1),0.8.2,queue_adaptive,25.0,50.0,0.0005,188,16.156000000002678,1,22,0.0030000000042491592,wait,underloaded_base_window_wait,0.025,underloaded_base_window
2,joint_batching_submission_screen_512_20260726,formal,1,1049,18.4 (Debian 18.4-1.pgdg12+1),0.8.2,queue_adaptive,25.0,50.0,0.0005,189,16.18699999999808,1,22,0.033999999999650754,flush,underloaded_base_window,0.025,underloaded_base_window
2,joint_batching_submission_screen_512_20260726,formal,1,1049,18.4 (Debian 18.4-1.pgdg12+1),0.8.2,queue_adaptive,25.0,50.0,0.0005,190,16.20300000000134,1,735,0.012000000002444722,wait,underloaded_base_window_wait,0.025,underloaded_base_window
2,joint_batching_submission_screen_512_20260726,formal,1,1049,18.4 (Debian 18.4-1.pgdg12+1),0.8.2,queue_adaptive,25.0,50.0,0.0005,191,16.218000000000757,1,735,0.027000000001862645,flush,underloaded_base_window,0.025,underloaded_base_window
2,joint_batching_submission_screen_512_20260726,formal,1,1049,18.4 (Debian 18.4-1.pgdg12+1),0.8.2,queue_adaptive,25.0,50.0,0.0005,192,16.25,1,24,0.008500000003550667,wait,underloaded_base_window_wait,0.025,underloaded_base_window
2,joint_batching_submission_screen_512_20260726,formal,1,1049,18.4 (Debian 18.4-1.pgdg12+1),0.8.2,queue_adaptive,25.0,50.0,0.0005,193,16.281000000002678,1,24,0.03950000000622822,flush,underloaded_base_window,0.025,underloaded_base_window
2,joint_batching_submission_screen_512_20260726,formal,1,1049,18.4 (Debian 18.4-1.pgdg12+1),0.8.2,queue_adaptive,25.0,50.0,0.0005,194,16.281000000002678,1,115,0.0030000000042491592,wait,underloaded_base_window_wait,0.025,underloaded_base_window
2,joint_batching_submission_screen_512_20260726,formal,1,1049,18.4 (Debian 18.4-1.pgdg12+1),0.8.2,queue_adaptive,25.0,50.0,0.0005,195,16.31199999999808,4,391,0.033999999999650754,flush,underloaded_base_window,0.025,underloaded_base_window
2,joint_batching_submission_screen_512_20260726,formal,1,1049,18.4 (Debian 18.4-1.pgdg12+1),0.8.2,queue_adaptive,25.0,50.0,0.0005,196,16.31199999999808,1,22,0.0020000000004074536,wait,underloaded_base_window_wait,0.025,underloaded_base_window
2,joint_batching_submission_screen_512_20260726,formal,1,1049,18.4 (Debian 18.4-1.pgdg12+1),0.8.2,queue_adaptive,25.0,50.0,0.0005,197,16.343000000000757,4,211,0.033000000003085006,flush,underloaded_base_window,0.025,underloaded_base_window
2,joint_batching_submission_screen_512_20260726,formal,1,1049,18.4 (Debian 18.4-1.pgdg12+1),0.8.2,queue_adaptive,25.0,50.0,0.0005,198,16.343000000000757,1,25,0.006500000003143214,wait,underloaded_base_window_wait,0.025,underloaded_base_window
2,joint_batching_submission_screen_512_20260726,formal,1,1049,18.4 (Debian 18.4-1.pgdg12+1),0.8.2,queue_adaptive,25.0,50.0,0.0005,199,16.375,3,125,0.038500000002386514,flush,underloaded_base_window,0.025,underloaded_base_window
2,joint_batching_submission_screen_512_20260726,formal,1,1049,18.4 (Debian 18.4-1.pgdg12+1),0.8.2,queue_adaptive,25.0,50.0,0.0005,200,16.421000000002095,1,22,0.013500000000931323,wait,underloaded_base_window_wait,0.025,underloaded_base_window
2,joint_batching_submission_screen_512_20260726,formal,1,1049,18.4 (Debian 18.4-1.pgdg12+1),0.8.2,queue_adaptive,25.0,50.0,0.0005,201,16.43699999999808,1,22,0.029499999996914994,flush,underloaded_base_window,0.025,underloaded_base_window
2,joint_batching_submission_screen_512_20260726,formal,1,1049,18.4 (Debian 18.4-1.pgdg12+1),0.8.2,queue_adaptive,25.0,50.0,0.0005,202,16.48399999999674,1,923,0.013499999993655365,wait,underloaded_base_window_wait,0.025,underloaded_base_window
2,joint_batching_submission_screen_512_20260726,formal,1,1049,18.4 (Debian 18.4-1.pgdg12+1),0.8.2,queue_adaptive,25.0,50.0,0.0005,203,16.5,1,923,0.029499999996914994,flush,underloaded_base_window,0.025,underloaded_base_window
2,joint_batching_submission_screen_512_20260726,formal,1,1049,18.4 (Debian 18.4-1.pgdg12+1),0.8.2,queue_adaptive,25.0,50.0,0.0005,204,16.514999999999418,1,21,0.008999999998195563,wait,underloaded_base_window_wait,0.025,underloaded_base_window
2,joint_batching_submission_screen_512_20260726,formal,1,1049,18.4 (Debian 18.4-1.pgdg12+1),0.8.2,queue_adaptive,25.0,50.0,0.0005,205,16.531000000002678,3,86,0.02500000000145519,flush,underloaded_base_window,0.025,underloaded_base_window
2,joint_batching_submission_screen_512_20260726,formal,1,1049,18.4 (Debian 18.4-1.pgdg12+1),0.8.2,queue_adaptive,25.0,50.0,0.0005,206,16.546000000002095,1,126,0.014500000004773028,wait,underloaded_base_window_wait,0.025,underloaded_base_window
2,joint_batching_submission_screen_512_20260726,formal,1,1049,18.4 (Debian 18.4-1.pgdg12+1),0.8.2,queue_adaptive,25.0,50.0,0.0005,207,16.56199999999808,3,175,0.0305000000007567,flush,underloaded_base_window,0.025,underloaded_base_window
2,joint_batching_submission_screen_512_20260726,formal,1,1049,18.4 (Debian 18.4-1.pgdg12+1),0.8.2,queue_adaptive,25.0,50.0,0.0005,208,16.60899999999674,1,1133,0.00849999999627471,wait,underloaded_base_window_wait,0.025,underloaded_base_window
2,joint_batching_submission_screen_512_20260726,formal,1,1049,18.4 (Debian 18.4-1.pgdg12+1),0.8.2,queue_adaptive,25.0,50.0,0.0005,209,16.639999999999418,1,1133,0.03949999999895226,flush,underloaded_base_window,0.025,underloaded_base_window
2,joint_batching_submission_screen_512_20260726,formal,1,1049,18.4 (Debian 18.4-1.pgdg12+1),0.8.2,queue_adaptive,25.0,50.0,0.0005,210,16.671000000002095,1,419,0.01750000000174623,wait,underloaded_base_window_wait,0.025,underloaded_base_window
2,joint_batching_submission_screen_512_20260726,formal,1,1049,18.4 (Debian 18.4-1.pgdg12+1),0.8.2,queue_adaptive,25.0,50.0,0.0005,211,16.68699999999808,3,550,0.0334999999977299,flush,underloaded_base_window,0.025,underloaded_base_window
2,joint_batching_submission_screen_512_20260726,formal,1,1049,18.4 (Debian 18.4-1.pgdg12+1),0.8.2,queue_adaptive,25.0,50.0,0.0005,212,16.68699999999808,1,31,0.004000000000814907,wait,underloaded_base_window_wait,0.025,underloaded_base_window
2,joint_batching_submission_screen_512_20260726,formal,1,1049,18.4 (Debian 18.4-1.pgdg12+1),0.8.2,queue_adaptive,25.0,50.0,0.0005,213,16.718000000000757,4,157,0.03500000000349246,flush,underloaded_base_window,0.025,underloaded_base_window
2,joint_batching_submission_screen_512_20260726,formal,1,1049,18.4 (Debian 18.4-1.pgdg12+1),0.8.2,queue_adaptive,25.0,50.0,0.0005,214,16.73399999999674,1,35,0.017999999996391125,wait,underloaded_base_window_wait,0.025,underloaded_base_window
2,joint_batching_submission_screen_512_20260726,formal,1,1049,18.4 (Debian 18.4-1.pgdg12+1),0.8.2,queue_adaptive,25.0,50.0,0.0005,215,16.75,3,922,0.033999999999650754,flush,underloaded_base_window,0.025,underloaded_base_window
2,joint_batching_submission_screen_512_20260726,formal,1,1049,18.4 (Debian 18.4-1.pgdg12+1),0.8.2,queue_adaptive,25.0,50.0,0.0005,216,16.764999999999418,1,664,0.01299999999901047,wait,underloaded_base_window_wait,0.025,underloaded_base_window
2,joint_batching_submission_screen_512_20260726,formal,1,1049,18.4 (Debian 18.4-1.pgdg12+1),0.8.2,queue_adaptive,25.0,50.0,0.0005,217,16.781000000002678,3,1653,0.0290000000022701,flush,underloaded_base_window,0.025,underloaded_base_window
2,joint_batching_submission_screen_512_20260726,formal,1,1049,18.4 (Debian 18.4-1.pgdg12+1),0.8.2,queue_adaptive,25.0,50.0,0.0005,218,16.796000000002095,1,107,0.008000000001629815,wait,underloaded_base_window_wait,0.025,underloaded_base_window
2,joint_batching_submission_screen_512_20260726,formal,1,1049,18.4 (Debian 18.4-1.pgdg12+1),0.8.2,queue_adaptive,25.0,50.0,0.0005,219,16.82800000000134,2,141,0.040000000000873115,flush,underloaded_base_window,0.025,underloaded_base_window
2,joint_batching_submission_screen_512_20260726,formal,1,1049,18.4 (Debian 18.4-1.pgdg12+1),0.8.2,queue_adaptive,25.0,50.0,0.0005,220,16.82800000000134,1,766,0.014500000004773028,wait,underloaded_base_window_wait,0.025,underloaded_base_window
2,joint_batching_submission_screen_512_20260726,formal,1,1049,18.4 (Debian 18.4-1.pgdg12+1),0.8.2,queue_adaptive,25.0,50.0,0.0005,221,16.843000000000757,3,1452,0.02950000000419095,flush,underloaded_base_window,0.025,underloaded_base_window
2,joint_batching_submission_screen_512_20260726,formal,1,1049,18.4 (Debian 18.4-1.pgdg12+1),0.8.2,queue_adaptive,25.0,50.0,0.0005,222,16.85899999999674,1,44,0.013499999993655365,wait,underloaded_base_window_wait,0.025,underloaded_base_window
2,joint_batching_submission_screen_512_20260726,formal,1,1049,18.4 (Debian 18.4-1.pgdg12+1),0.8.2,queue_adaptive,25.0,50.0,0.0005,223,16.875,1,44,0.029499999996914994,flush,underloaded_base_window,0.025,underloaded_base_window
2,joint_batching_submission_screen_512_20260726,formal,1,1049,18.4 (Debian 18.4-1.pgdg12+1),0.8.2,queue_adaptive,25.0,50.0,0.0005,224,16.875,1,61,0.004000000000814907,wait,underloaded_base_window_wait,0.025,underloaded_base_window
2,joint_batching_submission_screen_512_20260726,formal,1,1049,18.4 (Debian 18.4-1.pgdg12+1),0.8.2,queue_adaptive,25.0,50.0,0.0005,225,16.906000000002678,2,238,0.03500000000349246,flush,underloaded_base_window,0.025,underloaded_base_window
2,joint_batching_submission_screen_512_20260726,formal,1,1049,18.4 (Debian 18.4-1.pgdg12+1),0.8.2,queue_adaptive,25.0,50.0,0.0005,226,16.906000000002678,1,452,0.003500000006170012,wait,running_pressure_wait,0.05,running_pressure
2,joint_batching_submission_screen_512_20260726,formal,1,1049,18.4 (Debian 18.4-1.pgdg12+1),0.8.2,queue_adaptive,25.0,50.0,0.0005,227,16.968000000000757,3,588,0.06550000000424916,flush,running_pressure,0.05,running_pressure
2,joint_batching_submission_screen_512_20260726,formal,1,1049,18.4 (Debian 18.4-1.pgdg12+1),0.8.2,queue_adaptive,25.0,50.0,0.0005,228,17.014999999999418,1,36,0.010000000002037268,wait,running_pressure_wait,0.05,running_pressure
2,joint_batching_submission_screen_512_20260726,formal,1,1049,18.4 (Debian 18.4-1.pgdg12+1),0.8.2,queue_adaptive,25.0,50.0,0.0005,229,17.06199999999808,11,812,0.05700000000069849,flush,running_pressure,0.05,running_pressure
2,joint_batching_submission_screen_512_20260726,formal,1,1049,18.4 (Debian 18.4-1.pgdg12+1),0.8.2,queue_adaptive,25.0,50.0,0.0005,230,17.06199999999808,1,80,0.006000000001222361,wait,running_pressure_wait,0.05,running_pressure
2,joint_batching_submission_screen_512_20260726,formal,1,1049,18.4 (Debian 18.4-1.pgdg12+1),0.8.2,queue_adaptive,25.0,50.0,0.0005,231,17.07800000000134,5,3094,0.02200000000448199,flush,token_budget_membership,0.05,running_pressure
2,joint_batching_submission_screen_512_20260726,formal,1,1049,18.4 (Debian 18.4-1.pgdg12+1),0.8.2,queue_adaptive,25.0,50.0,0.0005,232,17.093000000000757,1,1037,0.008999999998195563,wait,running_pressure_wait,0.05,running_pressure
2,joint_batching_submission_screen_512_20260726,formal,1,1049,18.4 (Debian 18.4-1.pgdg12+1),0.8.2,queue_adaptive,25.0,50.0,0.0005,233,17.139999999999418,5,3175,0.055999999996856786,flush,token_budget_membership,0.05,running_pressure
2,joint_batching_submission_screen_512_20260726,formal,1,1049,18.4 (Debian 18.4-1.pgdg12+1),0.8.2,queue_adaptive,25.0,50.0,0.0005,234,17.139999999999418,1,1052,0.006000000001222361,wait,running_pressure_wait,0.05,running_pressure
2,joint_batching_submission_screen_512_20260726,formal,1,1049,18.4 (Debian 18.4-1.pgdg12+1),0.8.2,queue_adaptive,25.0,50.0,0.0005,235,17.18699999999808,7,2654,0.052999999999883585,flush,running_pressure,0.05,running_pressure
2,joint_batching_submission_screen_512_20260726,formal,1,1049,18.4 (Debian 18.4-1.pgdg12+1),0.8.2,queue_adaptive,25.0,50.0,0.0005,236,17.20300000000134,1,27,0.013500000000931323,wait,running_pressure_wait,0.05,running_pressure
2,joint_batching_submission_screen_512_20260726,formal,1,1049,18.4 (Debian 18.4-1.pgdg12+1),0.8.2,queue_adaptive,25.0,50.0,0.0005,237,17.25,4,694,0.060499999999592546,flush,running_pressure,0.05,running_pressure
2,joint_batching_submission_screen_512_20260726,formal,1,1049,18.4 (Debian 18.4-1.pgdg12+1),0.8.2,queue_adaptive,25.0,50.0,0.0005,238,17.264999999999418,1,22,0.004999999997380655,wait,running_pressure_wait,0.05,running_pressure
2,joint_batching_submission_screen_512_20260726,formal,1,1049,18.4 (Debian 18.4-1.pgdg12+1),0.8.2,queue_adaptive,25.0,50.0,0.0005,239,17.31199999999808,6,1027,0.05199999999604188,flush,running_pressure,0.05,running_pressure
2,joint_batching_submission_screen_512_20260726,formal,1,1049,18.4 (Debian 18.4-1.pgdg12+1),0.8.2,queue_adaptive,25.0,50.0,0.0005,240,17.343000000000757,1,195,0.005499999999301508,wait,running_pressure_wait,0.05,running_pressure
2,joint_batching_submission_screen_512_20260726,formal,1,1049,18.4 (Debian 18.4-1.pgdg12+1),0.8.2,queue_adaptive,25.0,50.0,0.0005,241,17.389999999999418,4,538,0.05249999999796273,flush,running_pressure,0.05,running_pressure
2,joint_batching_submission_screen_512_20260726,formal,1,1049,18.4 (Debian 18.4-1.pgdg12+1),0.8.2,queue_adaptive,25.0,50.0,0.0005,242,17.546000000002095,1,247,0.14749999999912689,wait,queue_pressure_wait,0.05,queue_pressure
2,joint_batching_submission_screen_512_20260726,formal,1,1049,18.4 (Debian 18.4-1.pgdg12+1),0.8.2,queue_adaptive,25.0,50.0,0.0005,243,17.546000000002095,8,590,0.14749999999912689,flush,queue_pressure,0.05,queue_pressure
2,joint_batching_submission_screen_512_20260726,formal,1,1049,18.4 (Debian 18.4-1.pgdg12+1),0.8.2,queue_adaptive,25.0,50.0,0.0005,244,17.781000000002678,1,26,0.3280000000013388,wait,queue_pressure_wait,0.05,queue_pressure
2,joint_batching_submission_screen_512_20260726,formal,1,1049,18.4 (Debian 18.4-1.pgdg12+1),0.8.2,queue_adaptive,25.0,50.0,0.0005,245,17.781000000002678,6,169,0.3280000000013388,flush,queue_pressure,0.05,queue_pressure
2,joint_batching_submission_screen_512_20260726,formal,1,1049,18.4 (Debian 18.4-1.pgdg12+1),0.8.2,queue_adaptive,25.0,50.0,0.0005,246,17.843000000000757,1,47,0.3375000000014552,wait,queue_pressure_wait,0.05,queue_pressure
2,joint_batching_submission_screen_512_20260726,formal,1,1049,18.4 (Debian 18.4-1.pgdg12+1),0.8.2,queue_adaptive,25.0,50.0,0.0005,247,17.843000000000757,4,1666,0.3375000000014552,flush,queue_pressure,0.05,queue_pressure
2,joint_batching_submission_screen_512_20260726,formal,1,1049,18.4 (Debian 18.4-1.pgdg12+1),0.8.2,queue_adaptive,25.0,50.0,0.0005,248,17.921000000002095,1,50,0.35750000000552973,wait,queue_pressure_wait,0.05,queue_pressure
2,joint_batching_submission_screen_512_20260726,formal,1,1049,18.4 (Debian 18.4-1.pgdg12+1),0.8.2,queue_adaptive,25.0,50.0,0.0005,249,17.921000000002095,12,4025,0.35750000000552973,flush,queue_pressure,0.05,queue_pressure
2,joint_batching_submission_screen_512_20260726,formal,1,1049,18.4 (Debian 18.4-1.pgdg12+1),0.8.2,queue_adaptive,25.0,50.0,0.0005,250,17.95300000000134,1,24,0.33800000000337604,wait,queue_pressure_wait,0.05,queue_pressure
2,joint_batching_submission_screen_512_20260726,formal,1,1049,18.4 (Debian 18.4-1.pgdg12+1),0.8.2,queue_adaptive,25.0,50.0,0.0005,251,17.95300000000134,8,247,0.33800000000337604,flush,queue_pressure,0.05,queue_pressure
2,joint_batching_submission_screen_512_20260726,formal,1,1049,18.4 (Debian 18.4-1.pgdg12+1),0.8.2,queue_adaptive,25.0,50.0,0.0005,252,17.95300000000134,1,41,0.2710000000006403,wait,queue_pressure_wait,0.05,queue_pressure
2,joint_batching_submission_screen_512_20260726,formal,1,1049,18.4 (Debian 18.4-1.pgdg12+1),0.8.2,queue_adaptive,25.0,50.0,0.0005,253,17.95300000000134,10,1187,0.2710000000006403,flush,queue_pressure,0.05,queue_pressure
2,joint_batching_submission_screen_512_20260726,formal,1,1049,18.4 (Debian 18.4-1.pgdg12+1),0.8.2,queue_adaptive,25.0,50.0,0.0005,254,18.07800000000134,1,24,0.3205000000016298,wait,running_pressure_wait,0.05,running_pressure
2,joint_batching_submission_screen_512_20260726,formal,1,1049,18.4 (Debian 18.4-1.pgdg12+1),0.8.2,queue_adaptive,25.0,50.0,0.0005,255,18.07800000000134,4,109,0.3205000000016298,flush,running_pressure,0.05,running_pressure
2,joint_batching_submission_screen_512_20260726,formal,1,1049,18.4 (Debian 18.4-1.pgdg12+1),0.8.2,queue_adaptive,25.0,50.0,0.0005,256,18.07800000000134,1,300,0.2569999999977881,wait,running_pressure_wait,0.05,running_pressure
2,joint_batching_submission_screen_512_20260726,formal,1,1049,18.4 (Debian 18.4-1.pgdg12+1),0.8.2,queue_adaptive,25.0,50.0,0.0005,257,18.07800000000134,2,388,0.2569999999977881,flush,running_pressure,0.05,running_pressure
2,joint_batching_submission_screen_512_20260726,formal,1,1049,18.4 (Debian 18.4-1.pgdg12+1),0.8.2,queue_adaptive,25.0,50.0,0.0005,258,18.07800000000134,1,32,0.1925000000046566,wait,running_pressure_wait,0.05,running_pressure
2,joint_batching_submission_screen_512_20260726,formal,1,1049,18.4 (Debian 18.4-1.pgdg12+1),0.8.2,queue_adaptive,25.0,50.0,0.0005,259,18.07800000000134,7,1358,0.1925000000046566,flush,running_pressure,0.05,running_pressure
2,joint_batching_submission_screen_512_20260726,formal,1,1049,18.4 (Debian 18.4-1.pgdg12+1),0.8.2,queue_adaptive,25.0,50.0,0.0005,260,18.218000000000757,1,84,0.2735000000029686,wait,running_pressure_wait,0.05,running_pressure
2,joint_batching_submission_screen_512_20260726,formal,1,1049,18.4 (Debian 18.4-1.pgdg12+1),0.8.2,queue_adaptive,25.0,50.0,0.0005,261,18.218000000000757,5,420,0.2735000000029686,flush,running_pressure,0.05,running_pressure
2,joint_batching_submission_screen_512_20260726,formal,1,1049,18.4 (Debian 18.4-1.pgdg12+1),0.8.2,queue_adaptive,25.0,50.0,0.0005,262,18.343000000000757,1,50,0.3349999999991269,wait,running_pressure_wait,0.05,running_pressure
2,joint_batching_submission_screen_512_20260726,formal,1,1049,18.4 (Debian 18.4-1.pgdg12+1),0.8.2,queue_adaptive,25.0,50.0,0.0005,263,18.343000000000757,10,730,0.3349999999991269,flush,running_pressure,0.05,running_pressure
2,joint_batching_submission_screen_512_20260726,formal,1,1049,18.4 (Debian 18.4-1.pgdg12+1),0.8.2,queue_adaptive,25.0,50.0,0.0005,264,18.531000000002678,1,141,0.4510000000009313,wait,running_pressure_wait,0.05,running_pressure
2,joint_batching_submission_screen_512_20260726,formal,1,1049,18.4 (Debian 18.4-1.pgdg12+1),0.8.2,queue_adaptive,25.0,50.0,0.0005,265,18.531000000002678,3,185,0.4510000000009313,flush,running_pressure,0.05,running_pressure
2,joint_batching_submission_screen_512_20260726,formal,1,1049,18.4 (Debian 18.4-1.pgdg12+1),0.8.2,queue_adaptive,25.0,50.0,0.0005,266,18.57800000000134,1,26,0.43950000000040745,wait,running_pressure_wait,0.05,running_pressure
2,joint_batching_submission_screen_512_20260726,formal,1,1049,18.4 (Debian 18.4-1.pgdg12+1),0.8.2,queue_adaptive,25.0,50.0,0.0005,267,18.57800000000134,7,393,0.43950000000040745,flush,running_pressure,0.05,running_pressure
2,joint_batching_submission_screen_512_20260726,formal,1,1049,18.4 (Debian 18.4-1.pgdg12+1),0.8.2,queue_adaptive,25.0,50.0,0.0005,268,18.60899999999674,1,31,0.41899999999441206,wait,running_pressure_wait,0.05,running_pressure
2,joint_batching_submission_screen_512_20260726,formal,1,1049,18.4 (Debian 18.4-1.pgdg12+1),0.8.2,queue_adaptive,25.0,50.0,0.0005,269,18.60899999999674,5,437,0.41899999999441206,flush,running_pressure,0.05,running_pressure
2,joint_batching_submission_screen_512_20260726,formal,1,1049,18.4 (Debian 18.4-1.pgdg12+1),0.8.2,queue_adaptive,25.0,50.0,0.0005,270,18.60899999999674,1,59,0.35349999999743886,wait,running_pressure_wait,0.05,running_pressure
2,joint_batching_submission_screen_512_20260726,formal,1,1049,18.4 (Debian 18.4-1.pgdg12+1),0.8.2,queue_adaptive,25.0,50.0,0.0005,271,18.60899999999674,3,365,0.35349999999743886,flush,running_pressure,0.05,running_pressure
2,joint_batching_submission_screen_512_20260726,formal,1,1049,18.4 (Debian 18.4-1.pgdg12+1),0.8.2,queue_adaptive,25.0,50.0,0.0005,272,18.656000000002678,1,17,0.35000000000582077,wait,running_pressure_wait,0.05,running_pressure
2,joint_batching_submission_screen_512_20260726,formal,1,1049,18.4 (Debian 18.4-1.pgdg12+1),0.8.2,queue_adaptive,25.0,50.0,0.0005,273,18.656000000002678,10,330,0.35000000000582077,flush,running_pressure,0.05,running_pressure
2,joint_batching_submission_screen_512_20260726,formal,1,1049,18.4 (Debian 18.4-1.pgdg12+1),0.8.2,queue_adaptive,25.0,50.0,0.0005,274,18.656000000002678,1,952,0.2895000000062282,wait,running_pressure_wait,0.05,running_pressure
2,joint_batching_submission_screen_512_20260726,formal,1,1049,18.4 (Debian 18.4-1.pgdg12+1),0.8.2,queue_adaptive,25.0,50.0,0.0005,275,18.656000000002678,5,2626,0.2895000000062282,flush,running_pressure,0.05,running_pressure
2,joint_batching_submission_screen_512_20260726,formal,1,1049,18.4 (Debian 18.4-1.pgdg12+1),0.8.2,queue_adaptive,25.0,50.0,0.0005,276,18.73399999999674,1,1355,0.3114999999961583,wait,running_pressure_wait,0.05,running_pressure
2,joint_batching_submission_screen_512_20260726,formal,1,1049,18.4 (Debian 18.4-1.pgdg12+1),0.8.2,queue_adaptive,25.0,50.0,0.0005,277,18.73399999999674,4,1492,0.3114999999961583,flush,running_pressure,0.05,running_pressure
2,joint_batching_submission_screen_512_20260726,formal,1,1049,18.4 (Debian 18.4-1.pgdg12+1),0.8.2,queue_adaptive,25.0,50.0,0.0005,278,18.796000000002095,1,86,0.31450000000040745,wait,running_pressure_wait,0.05,running_pressure
2,joint_batching_submission_screen_512_20260726,formal,1,1049,18.4 (Debian 18.4-1.pgdg12+1),0.8.2,queue_adaptive,25.0,50.0,0.0005,279,18.796000000002095,9,417,0.31450000000040745,flush,running_pressure,0.05,running_pressure
2,joint_batching_submission_screen_512_20260726,formal,1,1049,18.4 (Debian 18.4-1.pgdg12+1),0.8.2,queue_adaptive,25.0,50.0,0.0005,280,18.93699999999808,1,291,0.3989999999976135,wait,running_pressure_wait,0.05,running_pressure
2,joint_batching_submission_screen_512_20260726,formal,1,1049,18.4 (Debian 18.4-1.pgdg12+1),0.8.2,queue_adaptive,25.0,50.0,0.0005,281,18.93699999999808,6,619,0.3989999999976135,flush,running_pressure,0.05,running_pressure
2,joint_batching_submission_screen_512_20260726,formal,1,1049,18.4 (Debian 18.4-1.pgdg12+1),0.8.2,queue_adaptive,25.0,50.0,0.0005,282,19.125,1,111,0.5365000000019791,wait,running_pressure_wait,0.05,running_pressure
2,joint_batching_submission_screen_512_20260726,formal,1,1049,18.4 (Debian 18.4-1.pgdg12+1),0.8.2,queue_adaptive,25.0,50.0,0.0005,283,19.125,13,691,0.5365000000019791,flush,running_pressure,0.05,running_pressure
2,joint_batching_submission_screen_512_20260726,formal,1,1049,18.4 (Debian 18.4-1.pgdg12+1),0.8.2,queue_adaptive,25.0,50.0,0.0005,284,19.139999999999418,1,176,0.4970000000030268,wait,running_pressure_wait,0.05,running_pressure
2,joint_batching_submission_screen_512_20260726,formal,1,1049,18.4 (Debian 18.4-1.pgdg12+1),0.8.2,queue_adaptive,25.0,50.0,0.0005,285,19.139999999999418,10,852,0.4970000000030268,flush,running_pressure,0.05,running_pressure
2,joint_batching_submission_screen_512_20260726,formal,1,1049,18.4 (Debian 18.4-1.pgdg12+1),0.8.2,queue_adaptive,25.0,50.0,0.0005,286,19.139999999999418,1,149,0.43849999999656575,wait,running_pressure_wait,0.05,running_pressure
2,joint_batching_submission_screen_512_20260726,formal,1,1049,18.4 (Debian 18.4-1.pgdg12+1),0.8.2,queue_adaptive,25.0,50.0,0.0005,287,19.139999999999418,4,626,0.43849999999656575,flush,running_pressure,0.05,running_pressure
2,joint_batching_submission_screen_512_20260726,formal,1,1049,18.4 (Debian 18.4-1.pgdg12+1),0.8.2,queue_adaptive,25.0,50.0,0.0005,288,19.156000000002678,1,142,0.38950000000477303,wait,running_pressure_wait,0.05,running_pressure
2,joint_batching_submission_screen_512_20260726,formal,1,1049,18.4 (Debian 18.4-1.pgdg12+1),0.8.2,queue_adaptive,25.0,50.0,0.0005,289,19.156000000002678,3,443,0.38950000000477303,flush,running_pressure,0.05,running_pressure
2,joint_batching_submission_screen_512_20260726,formal,1,1049,18.4 (Debian 18.4-1.pgdg12+1),0.8.2,queue_adaptive,25.0,50.0,0.0005,290,19.156000000002678,1,92,0.3205000000016298,wait,running_pressure_wait,0.05,running_pressure
2,joint_batching_submission_screen_512_20260726,formal,1,1049,18.4 (Debian 18.4-1.pgdg12+1),0.8.2,queue_adaptive,25.0,50.0,0.0005,291,19.156000000002678,1,92,0.3205000000016298,flush,running_pressure,0.05,running_pressure
2,joint_batching_submission_screen_512_20260726,formal,1,1049,18.4 (Debian 18.4-1.pgdg12+1),0.8.2,queue_adaptive,25.0,50.0,0.0005,292,19.171000000002095,1,34,0.28100000000267755,wait,running_pressure_wait,0.05,running_pressure
2,joint_batching_submission_screen_512_20260726,formal,1,1049,18.4 (Debian 18.4-1.pgdg12+1),0.8.2,queue_adaptive,25.0,50.0,0.0005,293,19.171000000002095,12,2681,0.28100000000267755,flush,running_pressure,0.05,running_pressure
2,joint_batching_submission_screen_512_20260726,formal,1,1049,18.4 (Debian 18.4-1.pgdg12+1),0.8.2,queue_adaptive,25.0,50.0,0.0005,294,19.18699999999808,1,41,0.24650000000110595,wait,running_pressure_wait,0.05,running_pressure
2,joint_batching_submission_screen_512_20260726,formal,1,1049,18.4 (Debian 18.4-1.pgdg12+1),0.8.2,queue_adaptive,25.0,50.0,0.0005,295,19.18699999999808,4,119,0.24650000000110595,flush,running_pressure,0.05,running_pressure
2,joint_batching_submission_screen_512_20260726,formal,1,1049,18.4 (Debian 18.4-1.pgdg12+1),0.8.2,queue_adaptive,25.0,50.0,0.0005,296,19.48399999999674,1,38,0.4879999999975553,wait,running_pressure_wait,0.05,running_pressure
2,joint_batching_submission_screen_512_20260726,formal,1,1049,18.4 (Debian 18.4-1.pgdg12+1),0.8.2,queue_adaptive,25.0,50.0,0.0005,297,19.48399999999674,14,964,0.4879999999975553,flush,running_pressure,0.05,running_pressure
2,joint_batching_submission_screen_512_20260726,formal,1,1049,18.4 (Debian 18.4-1.pgdg12+1),0.8.2,queue_adaptive,25.0,50.0,0.0005,298,19.56199999999808,1,27,0.5124999999970896,wait,running_pressure_wait,0.05,running_pressure
2,joint_batching_submission_screen_512_20260726,formal,1,1049,18.4 (Debian 18.4-1.pgdg12+1),0.8.2,queue_adaptive,25.0,50.0,0.0005,299,19.56199999999808,5,132,0.5124999999970896,flush,running_pressure,0.05,running_pressure
2,joint_batching_submission_screen_512_20260726,formal,1,1049,18.4 (Debian 18.4-1.pgdg12+1),0.8.2,queue_adaptive,25.0,50.0,0.0005,300,19.56199999999808,1,34,0.4569999999948777,wait,running_pressure_wait,0.05,running_pressure
2,joint_batching_submission_screen_512_20260726,formal,1,1049,18.4 (Debian 18.4-1.pgdg12+1),0.8.2,queue_adaptive,25.0,50.0,0.0005,301,19.56199999999808,5,144,0.4569999999948777,flush,running_pressure,0.05,running_pressure
2,joint_batching_submission_screen_512_20260726,formal,1,1049,18.4 (Debian 18.4-1.pgdg12+1),0.8.2,queue_adaptive,25.0,50.0,0.0005,302,19.56199999999808,1,26,0.4055000000007567,wait,running_pressure_wait,0.05,running_pressure
2,joint_batching_submission_screen_512_20260726,formal,1,1049,18.4 (Debian 18.4-1.pgdg12+1),0.8.2,queue_adaptive,25.0,50.0,0.0005,303,19.56199999999808,5,133,0.4055000000007567,flush,running_pressure,0.05,running_pressure
2,joint_batching_submission_screen_512_20260726,formal,1,1049,18.4 (Debian 18.4-1.pgdg12+1),0.8.2,queue_adaptive,25.0,50.0,0.0005,304,19.593000000000757,1,25,0.3819999999977881,wait,running_pressure_wait,0.05,running_pressure
2,joint_batching_submission_screen_512_20260726,formal,1,1049,18.4 (Debian 18.4-1.pgdg12+1),0.8.2,queue_adaptive,25.0,50.0,0.0005,305,19.593000000000757,10,381,0.3819999999977881,flush,running_pressure,0.05,running_pressure
2,joint_batching_submission_screen_512_20260726,formal,1,1049,18.4 (Debian 18.4-1.pgdg12+1),0.8.2,queue_adaptive,25.0,50.0,0.0005,306,19.593000000000757,1,36,0.3000000000029104,wait,running_pressure_wait,0.05,running_pressure
2,joint_batching_submission_screen_512_20260726,formal,1,1049,18.4 (Debian 18.4-1.pgdg12+1),0.8.2,queue_adaptive,25.0,50.0,0.0005,307,19.593000000000757,6,422,0.3000000000029104,flush,running_pressure,0.05,running_pressure
2,joint_batching_submission_screen_512_20260726,formal,1,1049,18.4 (Debian 18.4-1.pgdg12+1),0.8.2,queue_adaptive,25.0,50.0,0.0005,308,19.718000000000757,1,33,0.36750000000029104,wait,running_pressure_wait,0.05,running_pressure
2,joint_batching_submission_screen_512_20260726,formal,1,1049,18.4 (Debian 18.4-1.pgdg12+1),0.8.2,queue_adaptive,25.0,50.0,0.0005,309,19.718000000000757,6,285,0.36750000000029104,flush,running_pressure,0.05,running_pressure
2,joint_batching_submission_screen_512_20260726,formal,1,1049,18.4 (Debian 18.4-1.pgdg12+1),0.8.2,queue_adaptive,25.0,50.0,0.0005,310,19.73399999999674,1,28,0.3179999999993015,wait,running_pressure_wait,0.05,running_pressure
2,joint_batching_submission_screen_512_20260726,formal,1,1049,18.4 (Debian 18.4-1.pgdg12+1),0.8.2,queue_adaptive,25.0,50.0,0.0005,311,19.73399999999674,8,1171,0.3179999999993015,flush,running_pressure,0.05,running_pressure
2,joint_batching_submission_screen_512_20260726,formal,1,1049,18.4 (Debian 18.4-1.pgdg12+1),0.8.2,queue_adaptive,25.0,50.0,0.0005,312,19.75,1,190,0.2735000000029686,wait,running_pressure_wait,0.05,running_pressure
2,joint_batching_submission_screen_512_20260726,formal,1,1049,18.4 (Debian 18.4-1.pgdg12+1),0.8.2,queue_adaptive,25.0,50.0,0.0005,313,19.75,6,478,0.2735000000029686,flush,running_pressure,0.05,running_pressure
2,joint_batching_submission_screen_512_20260726,formal,1,1049,18.4 (Debian 18.4-1.pgdg12+1),0.8.2,queue_adaptive,25.0,50.0,0.0005,314,19.906000000002678,1,27,0.3720000000030268,wait,running_pressure_wait,0.05,running_pressure
2,joint_batching_submission_screen_512_20260726,formal,1,1049,18.4 (Debian 18.4-1.pgdg12+1),0.8.2,queue_adaptive,25.0,50.0,0.0005,315,19.906000000002678,6,336,0.3720000000030268,flush,running_pressure,0.05,running_pressure
2,joint_batching_submission_screen_512_20260726,formal,1,1049,18.4 (Debian 18.4-1.pgdg12+1),0.8.2,queue_adaptive,25.0,50.0,0.0005,316,19.921000000002095,1,51,0.33400000000256114,wait,running_pressure_wait,0.05,running_pressure
2,joint_batching_submission_screen_512_20260726,formal,1,1049,18.4 (Debian 18.4-1.pgdg12+1),0.8.2,queue_adaptive,25.0,50.0,0.0005,317,19.921000000002095,6,169,0.33400000000256114,flush,running_pressure,0.05,running_pressure
2,joint_batching_submission_screen_512_20260726,formal,1,1049,18.4 (Debian 18.4-1.pgdg12+1),0.8.2,queue_adaptive,25.0,50.0,0.0005,318,19.921000000002095,1,32,0.283000000003085,wait,running_pressure_wait,0.05,running_pressure
2,joint_batching_submission_screen_512_20260726,formal,1,1049,18.4 (Debian 18.4-1.pgdg12+1),0.8.2,queue_adaptive,25.0,50.0,0.0005,319,19.921000000002095,3,75,0.283000000003085,flush,running_pressure,0.05,running_pressure
2,joint_batching_submission_screen_512_20260726,formal,1,1049,18.4 (Debian 18.4-1.pgdg12+1),0.8.2,queue_adaptive,25.0,50.0,0.0005,320,19.921000000002095,1,30,0.20400000000518048,wait,running_pressure_wait,0.05,running_pressure
2,joint_batching_submission_screen_512_20260726,formal,1,1049,18.4 (Debian 18.4-1.pgdg12+1),0.8.2,queue_adaptive,25.0,50.0,0.0005,321,19.921000000002095,8,673,0.20400000000518048,flush,running_pressure,0.05,running_pressure
2,joint_batching_submission_screen_512_20260726,formal,1,1049,18.4 (Debian 18.4-1.pgdg12+1),0.8.2,queue_adaptive,25.0,50.0,0.0005,322,19.921000000002095,1,22,0.14450000000215368,wait,running_pressure_wait,0.05,running_pressure
2,joint_batching_submission_screen_512_20260726,formal,1,1049,18.4 (Debian 18.4-1.pgdg12+1),0.8.2,queue_adaptive,25.0,50.0,0.0005,323,19.921000000002095,11,1269,0.14450000000215368,flush,running_pressure,0.05,running_pressure
2,joint_batching_submission_screen_512_20260726,formal,1,1049,18.4 (Debian 18.4-1.pgdg12+1),0.8.2,queue_adaptive,25.0,50.0,0.0005,324,19.95300000000134,1,18,0.11699999999837019,wait,running_pressure_wait,0.05,running_pressure
2,joint_batching_submission_screen_512_20260726,formal,1,1049,18.4 (Debian 18.4-1.pgdg12+1),0.8.2,queue_adaptive,25.0,50.0,0.0005,325,19.95300000000134,8,1384,0.11699999999837019,flush,end_of_input,0.05,running_pressure
