schema_version,experiment_id,phase,repeat_index,job_id,server_version,pgvector_version,sample_index,sample_epoch_s,gpu_metrics_status,gpu_name,gpu_utilization_pct,gpu_memory_used_mib,gpu_memory_total_mib,gpu_power_w,vllm_metrics_status,vllm_num_requests_running,vllm_num_requests_waiting,vllm_kv_cache_usage_perc
1,prefix_cache_routing_4ep_1.5b_hitrate,formal,2,1105,18.4 (Ubuntu 18.4-1.pgdg22.04+1),0.8.5,0,1785485452.2110484,snapshot,NVIDIA GeForce RTX 4090;NVIDIA GeForce RTX 4090,0.0,28764.0,49128.0,48.23,ok,0,0,0.0
1,prefix_cache_routing_4ep_1.5b_hitrate,formal,2,1105,18.4 (Ubuntu 18.4-1.pgdg22.04+1),0.8.5,1,1785485452.618269,snapshot,NVIDIA GeForce RTX 4090;NVIDIA GeForce RTX 4090,0.0,28764.0,49128.0,48.23,ok,0,0,0.0
1,prefix_cache_routing_4ep_1.5b_hitrate,formal,2,1105,18.4 (Ubuntu 18.4-1.pgdg22.04+1),0.8.5,2,1785485452.9667122,snapshot,NVIDIA GeForce RTX 4090;NVIDIA GeForce RTX 4090,0.0,28764.0,49128.0,47.95,ok,0,0,0.0
1,prefix_cache_routing_4ep_1.5b_hitrate,formal,2,1105,18.4 (Ubuntu 18.4-1.pgdg22.04+1),0.8.5,3,1785485453.3346732,snapshot,NVIDIA GeForce RTX 4090;NVIDIA GeForce RTX 4090,0.0,28764.0,49128.0,47.93,ok,0,0,0.0
1,prefix_cache_routing_4ep_1.5b_hitrate,formal,2,1105,18.4 (Ubuntu 18.4-1.pgdg22.04+1),0.8.5,4,1785485453.9080112,snapshot,NVIDIA GeForce RTX 4090;NVIDIA GeForce RTX 4090,0.0,28764.0,49128.0,47.93,ok,0,0,0.0
1,prefix_cache_routing_4ep_1.5b_hitrate,formal,2,1105,18.4 (Ubuntu 18.4-1.pgdg22.04+1),0.8.5,5,1785485454.312247,snapshot,NVIDIA GeForce RTX 4090;NVIDIA GeForce RTX 4090,100.0,28764.0,49128.0,116.53999999999999,ok,70,0,0.16522864538395166
1,prefix_cache_routing_4ep_1.5b_hitrate,formal,2,1105,18.4 (Ubuntu 18.4-1.pgdg22.04+1),0.8.5,6,1785485454.657209,snapshot,NVIDIA GeForce RTX 4090;NVIDIA GeForce RTX 4090,100.0,28764.0,49128.0,271.53,ok,185,0,0.2812769628990509
1,prefix_cache_routing_4ep_1.5b_hitrate,formal,2,1105,18.4 (Ubuntu 18.4-1.pgdg22.04+1),0.8.5,7,1785485455.0566545,snapshot,NVIDIA GeForce RTX 4090;NVIDIA GeForce RTX 4090,100.0,28764.0,49128.0,506.46999999999997,ok,294,0,0.5163934426229508
1,prefix_cache_routing_4ep_1.5b_hitrate,formal,2,1105,18.4 (Ubuntu 18.4-1.pgdg22.04+1),0.8.5,8,1785485455.4192944,snapshot,NVIDIA GeForce RTX 4090;NVIDIA GeForce RTX 4090,100.0,28764.0,49128.0,804.54,ok,367,0,0.7161345987920622
1,prefix_cache_routing_4ep_1.5b_hitrate,formal,2,1105,18.4 (Ubuntu 18.4-1.pgdg22.04+1),0.8.5,9,1785485455.8228378,snapshot,NVIDIA GeForce RTX 4090;NVIDIA GeForce RTX 4090,100.0,28764.0,49128.0,797.6600000000001,ok,367,0,0.7812769628990509
1,prefix_cache_routing_4ep_1.5b_hitrate,formal,2,1105,18.4 (Ubuntu 18.4-1.pgdg22.04+1),0.8.5,10,1785485456.2264607,snapshot,NVIDIA GeForce RTX 4090;NVIDIA GeForce RTX 4090,100.0,28764.0,49128.0,772.01,ok,364,0,0.8572044866264021
1,prefix_cache_routing_4ep_1.5b_hitrate,formal,2,1105,18.4 (Ubuntu 18.4-1.pgdg22.04+1),0.8.5,11,1785485456.5926554,snapshot,NVIDIA GeForce RTX 4090;NVIDIA GeForce RTX 4090,100.0,28764.0,49128.0,746.06,ok,363,0,0.9279551337359793
1,prefix_cache_routing_4ep_1.5b_hitrate,formal,2,1105,18.4 (Ubuntu 18.4-1.pgdg22.04+1),0.8.5,12,1785485456.995897,snapshot,NVIDIA GeForce RTX 4090;NVIDIA GeForce RTX 4090,100.0,28764.0,49128.0,746.26,ok,358,1,0.9883520276100086
1,prefix_cache_routing_4ep_1.5b_hitrate,formal,2,1105,18.4 (Ubuntu 18.4-1.pgdg22.04+1),0.8.5,13,1785485457.3776987,snapshot,NVIDIA GeForce RTX 4090;NVIDIA GeForce RTX 4090,100.0,28764.0,49128.0,751.52,ok,348,6,0.9995685936151855
1,prefix_cache_routing_4ep_1.5b_hitrate,formal,2,1105,18.4 (Ubuntu 18.4-1.pgdg22.04+1),0.8.5,14,1785485457.78404,snapshot,NVIDIA GeForce RTX 4090;NVIDIA GeForce RTX 4090,100.0,28764.0,49128.0,759.94,ok,345,7,0.9969801553062986
1,prefix_cache_routing_4ep_1.5b_hitrate,formal,2,1105,18.4 (Ubuntu 18.4-1.pgdg22.04+1),0.8.5,15,1785485458.1648648,snapshot,NVIDIA GeForce RTX 4090;NVIDIA GeForce RTX 4090,100.0,28764.0,49128.0,765.71,ok,328,17,0.9879206212251941
1,prefix_cache_routing_4ep_1.5b_hitrate,formal,2,1105,18.4 (Ubuntu 18.4-1.pgdg22.04+1),0.8.5,16,1785485458.5282028,snapshot,NVIDIA GeForce RTX 4090;NVIDIA GeForce RTX 4090,100.0,28764.0,49128.0,770.27,ok,326,18,0.9961173425366695
1,prefix_cache_routing_4ep_1.5b_hitrate,formal,2,1105,18.4 (Ubuntu 18.4-1.pgdg22.04+1),0.8.5,17,1785485458.9187207,snapshot,NVIDIA GeForce RTX 4090;NVIDIA GeForce RTX 4090,100.0,28764.0,49128.0,770.9300000000001,ok,325,24,0.9849007765314927
1,prefix_cache_routing_4ep_1.5b_hitrate,formal,2,1105,18.4 (Ubuntu 18.4-1.pgdg22.04+1),0.8.5,18,1785485459.3298042,snapshot,NVIDIA GeForce RTX 4090;NVIDIA GeForce RTX 4090,100.0,28764.0,49128.0,778.9200000000001,ok,322,24,0.9810181190681622
1,prefix_cache_routing_4ep_1.5b_hitrate,formal,2,1105,18.4 (Ubuntu 18.4-1.pgdg22.04+1),0.8.5,19,1785485459.731994,snapshot,NVIDIA GeForce RTX 4090;NVIDIA GeForce RTX 4090,100.0,28764.0,49128.0,797.3599999999999,ok,315,15,0.996548748921484
1,prefix_cache_routing_4ep_1.5b_hitrate,formal,2,1105,18.4 (Ubuntu 18.4-1.pgdg22.04+1),0.8.5,20,1785485460.1294363,snapshot,NVIDIA GeForce RTX 4090;NVIDIA GeForce RTX 4090,100.0,28764.0,49128.0,810.13,ok,297,18,0.9779982743744607
1,prefix_cache_routing_4ep_1.5b_hitrate,formal,2,1105,18.4 (Ubuntu 18.4-1.pgdg22.04+1),0.8.5,21,1785485460.4983096,snapshot,NVIDIA GeForce RTX 4090;NVIDIA GeForce RTX 4090,100.0,28764.0,49128.0,823.31,ok,279,17,0.8675582398619499
1,prefix_cache_routing_4ep_1.5b_hitrate,formal,2,1105,18.4 (Ubuntu 18.4-1.pgdg22.04+1),0.8.5,22,1785485460.8407147,snapshot,NVIDIA GeForce RTX 4090;NVIDIA GeForce RTX 4090,100.0,28764.0,49128.0,834.6600000000001,ok,329,0,0.9482312338222606
1,prefix_cache_routing_4ep_1.5b_hitrate,formal,2,1105,18.4 (Ubuntu 18.4-1.pgdg22.04+1),0.8.5,23,1785485461.2379127,snapshot,NVIDIA GeForce RTX 4090;NVIDIA GeForce RTX 4090,100.0,28764.0,49128.0,821.13,ok,331,4,0.9987057808455565
1,prefix_cache_routing_4ep_1.5b_hitrate,formal,2,1105,18.4 (Ubuntu 18.4-1.pgdg22.04+1),0.8.5,24,1785485461.6226537,snapshot,NVIDIA GeForce RTX 4090;NVIDIA GeForce RTX 4090,100.0,28764.0,49128.0,801.46,ok,326,9,0.9943917169974116
1,prefix_cache_routing_4ep_1.5b_hitrate,formal,2,1105,18.4 (Ubuntu 18.4-1.pgdg22.04+1),0.8.5,25,1785485462.0326262,snapshot,NVIDIA GeForce RTX 4090;NVIDIA GeForce RTX 4090,100.0,28764.0,49128.0,762.8399999999999,ok,317,12,0.9603106125970664
1,prefix_cache_routing_4ep_1.5b_hitrate,formal,2,1105,18.4 (Ubuntu 18.4-1.pgdg22.04+1),0.8.5,26,1785485462.4446828,snapshot,NVIDIA GeForce RTX 4090;NVIDIA GeForce RTX 4090,100.0,28764.0,49128.0,758.87,ok,315,15,0.9870578084555651
1,prefix_cache_routing_4ep_1.5b_hitrate,formal,2,1105,18.4 (Ubuntu 18.4-1.pgdg22.04+1),0.8.5,27,1785485462.845381,snapshot,NVIDIA GeForce RTX 4090;NVIDIA GeForce RTX 4090,100.0,28764.0,49128.0,760.8299999999999,ok,306,21,0.9987057808455565
1,prefix_cache_routing_4ep_1.5b_hitrate,formal,2,1105,18.4 (Ubuntu 18.4-1.pgdg22.04+1),0.8.5,28,1785485463.2087767,snapshot,NVIDIA GeForce RTX 4090;NVIDIA GeForce RTX 4090,100.0,28764.0,49128.0,759.91,ok,303,27,0.9836065573770492
1,prefix_cache_routing_4ep_1.5b_hitrate,formal,2,1105,18.4 (Ubuntu 18.4-1.pgdg22.04+1),0.8.5,29,1785485463.5921624,snapshot,NVIDIA GeForce RTX 4090;NVIDIA GeForce RTX 4090,100.0,28764.0,49128.0,755.88,ok,305,28,0.9987057808455565
1,prefix_cache_routing_4ep_1.5b_hitrate,formal,2,1105,18.4 (Ubuntu 18.4-1.pgdg22.04+1),0.8.5,30,1785485463.9798377,snapshot,NVIDIA GeForce RTX 4090;NVIDIA GeForce RTX 4090,100.0,28764.0,49128.0,755.26,ok,304,31,0.9861949956859362
1,prefix_cache_routing_4ep_1.5b_hitrate,formal,2,1105,18.4 (Ubuntu 18.4-1.pgdg22.04+1),0.8.5,31,1785485464.3985956,snapshot,NVIDIA GeForce RTX 4090;NVIDIA GeForce RTX 4090,100.0,28764.0,49128.0,762.8399999999999,ok,303,34,0.999137187230371
1,prefix_cache_routing_4ep_1.5b_hitrate,formal,2,1105,18.4 (Ubuntu 18.4-1.pgdg22.04+1),0.8.5,32,1785485464.7904658,snapshot,NVIDIA GeForce RTX 4090;NVIDIA GeForce RTX 4090,100.0,28764.0,49128.0,775.75,ok,309,27,0.9657794676806084
1,prefix_cache_routing_4ep_1.5b_hitrate,formal,2,1105,18.4 (Ubuntu 18.4-1.pgdg22.04+1),0.8.5,33,1785485465.1723926,snapshot,NVIDIA GeForce RTX 4090;NVIDIA GeForce RTX 4090,100.0,28764.0,49128.0,793.94,ok,326,19,0.994823123382226
1,prefix_cache_routing_4ep_1.5b_hitrate,formal,2,1105,18.4 (Ubuntu 18.4-1.pgdg22.04+1),0.8.5,34,1785485465.5222182,snapshot,NVIDIA GeForce RTX 4090;NVIDIA GeForce RTX 4090,100.0,28764.0,49128.0,802.87,ok,317,15,0.999137187230371
1,prefix_cache_routing_4ep_1.5b_hitrate,formal,2,1105,18.4 (Ubuntu 18.4-1.pgdg22.04+1),0.8.5,35,1785485465.8977456,snapshot,NVIDIA GeForce RTX 4090;NVIDIA GeForce RTX 4090,100.0,28764.0,49128.0,817.8299999999999,ok,306,13,0.9029335634167386
1,prefix_cache_routing_4ep_1.5b_hitrate,formal,2,1105,18.4 (Ubuntu 18.4-1.pgdg22.04+1),0.8.5,36,1785485466.299972,snapshot,NVIDIA GeForce RTX 4090;NVIDIA GeForce RTX 4090,100.0,28764.0,49128.0,829.63,ok,327,3,0.9469370146678171
1,prefix_cache_routing_4ep_1.5b_hitrate,formal,2,1105,18.4 (Ubuntu 18.4-1.pgdg22.04+1),0.8.5,37,1785485466.6847706,snapshot,NVIDIA GeForce RTX 4090;NVIDIA GeForce RTX 4090,100.0,28764.0,49128.0,837.3299999999999,ok,335,8,0.9810181190681622
1,prefix_cache_routing_4ep_1.5b_hitrate,formal,2,1105,18.4 (Ubuntu 18.4-1.pgdg22.04+1),0.8.5,38,1785485467.0936198,snapshot,NVIDIA GeForce RTX 4090;NVIDIA GeForce RTX 4090,100.0,28764.0,49128.0,816.79,ok,334,12,0.9788610871440897
1,prefix_cache_routing_4ep_1.5b_hitrate,formal,2,1105,18.4 (Ubuntu 18.4-1.pgdg22.04+1),0.8.5,39,1785485467.4810486,snapshot,NVIDIA GeForce RTX 4090;NVIDIA GeForce RTX 4090,100.0,28764.0,49128.0,792.35,ok,325,19,0.9853321829163072
1,prefix_cache_routing_4ep_1.5b_hitrate,formal,2,1105,18.4 (Ubuntu 18.4-1.pgdg22.04+1),0.8.5,40,1785485467.8815606,snapshot,NVIDIA GeForce RTX 4090;NVIDIA GeForce RTX 4090,100.0,28764.0,49128.0,774.4100000000001,ok,318,20,0.9896462467644521
1,prefix_cache_routing_4ep_1.5b_hitrate,formal,2,1105,18.4 (Ubuntu 18.4-1.pgdg22.04+1),0.8.5,41,1785485468.2897098,snapshot,NVIDIA GeForce RTX 4090;NVIDIA GeForce RTX 4090,100.0,28764.0,49128.0,774.98,ok,314,24,0.9827437446074202
1,prefix_cache_routing_4ep_1.5b_hitrate,formal,2,1105,18.4 (Ubuntu 18.4-1.pgdg22.04+1),0.8.5,42,1785485468.6956637,snapshot,NVIDIA GeForce RTX 4090;NVIDIA GeForce RTX 4090,100.0,28764.0,49128.0,770.3399999999999,ok,302,27,0.9926660914581535
1,prefix_cache_routing_4ep_1.5b_hitrate,formal,2,1105,18.4 (Ubuntu 18.4-1.pgdg22.04+1),0.8.5,43,1785485469.097682,snapshot,NVIDIA GeForce RTX 4090;NVIDIA GeForce RTX 4090,100.0,28764.0,49128.0,768.9,ok,302,28,0.9987057808455565
1,prefix_cache_routing_4ep_1.5b_hitrate,formal,2,1105,18.4 (Ubuntu 18.4-1.pgdg22.04+1),0.8.5,44,1785485469.4876494,snapshot,NVIDIA GeForce RTX 4090;NVIDIA GeForce RTX 4090,100.0,28764.0,49128.0,767.42,ok,291,30,0.9987057808455565
1,prefix_cache_routing_4ep_1.5b_hitrate,formal,2,1105,18.4 (Ubuntu 18.4-1.pgdg22.04+1),0.8.5,45,1785485469.9039776,snapshot,NVIDIA GeForce RTX 4090;NVIDIA GeForce RTX 4090,100.0,28764.0,49128.0,768.84,ok,288,30,0.9866264020707507
1,prefix_cache_routing_4ep_1.5b_hitrate,formal,2,1105,18.4 (Ubuntu 18.4-1.pgdg22.04+1),0.8.5,46,1785485470.3138878,snapshot,NVIDIA GeForce RTX 4090;NVIDIA GeForce RTX 4090,100.0,28764.0,49128.0,772.37,ok,292,11,0.9833284586136297
1,prefix_cache_routing_4ep_1.5b_hitrate,formal,2,1105,18.4 (Ubuntu 18.4-1.pgdg22.04+1),0.8.5,47,1785485470.7246678,snapshot,NVIDIA GeForce RTX 4090;NVIDIA GeForce RTX 4090,100.0,28764.0,49128.0,789.53,ok,298,20,0.9943917169974116
1,prefix_cache_routing_4ep_1.5b_hitrate,formal,2,1105,18.4 (Ubuntu 18.4-1.pgdg22.04+1),0.8.5,48,1785485471.135424,snapshot,NVIDIA GeForce RTX 4090;NVIDIA GeForce RTX 4090,100.0,28764.0,49128.0,803.0799999999999,ok,297,21,0.9900776531492667
1,prefix_cache_routing_4ep_1.5b_hitrate,formal,2,1105,18.4 (Ubuntu 18.4-1.pgdg22.04+1),0.8.5,49,1785485471.5422978,snapshot,NVIDIA GeForce RTX 4090;NVIDIA GeForce RTX 4090,100.0,28764.0,49128.0,815.1800000000001,ok,317,0,0.8435214975138929
1,prefix_cache_routing_4ep_1.5b_hitrate,formal,2,1105,18.4 (Ubuntu 18.4-1.pgdg22.04+1),0.8.5,50,1785485471.9448624,snapshot,NVIDIA GeForce RTX 4090;NVIDIA GeForce RTX 4090,100.0,28764.0,49128.0,828.46,ok,343,0,0.9754098360655737
1,prefix_cache_routing_4ep_1.5b_hitrate,formal,2,1105,18.4 (Ubuntu 18.4-1.pgdg22.04+1),0.8.5,51,1785485472.3362052,snapshot,NVIDIA GeForce RTX 4090;NVIDIA GeForce RTX 4090,100.0,28764.0,49128.0,832.18,ok,348,3,0.9874892148403797
1,prefix_cache_routing_4ep_1.5b_hitrate,formal,2,1105,18.4 (Ubuntu 18.4-1.pgdg22.04+1),0.8.5,52,1785485472.7335584,snapshot,NVIDIA GeForce RTX 4090;NVIDIA GeForce RTX 4090,100.0,28764.0,49128.0,816.89,ok,346,6,0.9961173425366695
1,prefix_cache_routing_4ep_1.5b_hitrate,formal,2,1105,18.4 (Ubuntu 18.4-1.pgdg22.04+1),0.8.5,53,1785485473.1306272,snapshot,NVIDIA GeForce RTX 4090;NVIDIA GeForce RTX 4090,100.0,28764.0,49128.0,791.15,ok,344,9,0.9870578084555651
1,prefix_cache_routing_4ep_1.5b_hitrate,formal,2,1105,18.4 (Ubuntu 18.4-1.pgdg22.04+1),0.8.5,54,1785485473.5355015,snapshot,NVIDIA GeForce RTX 4090;NVIDIA GeForce RTX 4090,100.0,28764.0,49128.0,785.64,ok,340,12,0.9918032786885246
1,prefix_cache_routing_4ep_1.5b_hitrate,formal,2,1105,18.4 (Ubuntu 18.4-1.pgdg22.04+1),0.8.5,55,1785485474.059886,snapshot,NVIDIA GeForce RTX 4090;NVIDIA GeForce RTX 4090,100.0,28764.0,49128.0,784.05,ok,334,16,0.9831751509922347
1,prefix_cache_routing_4ep_1.5b_hitrate,formal,2,1105,18.4 (Ubuntu 18.4-1.pgdg22.04+1),0.8.5,56,1785485474.4495964,snapshot,NVIDIA GeForce RTX 4090;NVIDIA GeForce RTX 4090,100.0,28764.0,49128.0,781.3,ok,331,19,0.9827437446074202
1,prefix_cache_routing_4ep_1.5b_hitrate,formal,2,1105,18.4 (Ubuntu 18.4-1.pgdg22.04+1),0.8.5,57,1785485474.8653426,snapshot,NVIDIA GeForce RTX 4090;NVIDIA GeForce RTX 4090,100.0,28764.0,49128.0,781.98,ok,324,21,0.9728213977566867
1,prefix_cache_routing_4ep_1.5b_hitrate,formal,2,1105,18.4 (Ubuntu 18.4-1.pgdg22.04+1),0.8.5,58,1785485475.2326884,snapshot,NVIDIA GeForce RTX 4090;NVIDIA GeForce RTX 4090,100.0,28764.0,49128.0,784.61,ok,321,22,0.9762726488352027
1,prefix_cache_routing_4ep_1.5b_hitrate,formal,2,1105,18.4 (Ubuntu 18.4-1.pgdg22.04+1),0.8.5,59,1785485475.622346,snapshot,NVIDIA GeForce RTX 4090;NVIDIA GeForce RTX 4090,100.0,28764.0,49128.0,788.96,ok,325,26,0.9883520276100086
1,prefix_cache_routing_4ep_1.5b_hitrate,formal,2,1105,18.4 (Ubuntu 18.4-1.pgdg22.04+1),0.8.5,60,1785485476.0427425,snapshot,NVIDIA GeForce RTX 4090;NVIDIA GeForce RTX 4090,100.0,28764.0,49128.0,799.89,ok,326,14,0.9339948231233822
1,prefix_cache_routing_4ep_1.5b_hitrate,formal,2,1105,18.4 (Ubuntu 18.4-1.pgdg22.04+1),0.8.5,61,1785485476.4333606,snapshot,NVIDIA GeForce RTX 4090;NVIDIA GeForce RTX 4090,100.0,28764.0,49128.0,805.38,ok,322,26,0.9987057808455565
1,prefix_cache_routing_4ep_1.5b_hitrate,formal,2,1105,18.4 (Ubuntu 18.4-1.pgdg22.04+1),0.8.5,62,1785485476.8014736,snapshot,NVIDIA GeForce RTX 4090;NVIDIA GeForce RTX 4090,100.0,28764.0,49128.0,808.53,ok,318,12,0.8986194995685937
1,prefix_cache_routing_4ep_1.5b_hitrate,formal,2,1105,18.4 (Ubuntu 18.4-1.pgdg22.04+1),0.8.5,63,1785485477.2074661,snapshot,NVIDIA GeForce RTX 4090;NVIDIA GeForce RTX 4090,100.0,28764.0,49128.0,811.6500000000001,ok,307,3,0.9568593615185504
1,prefix_cache_routing_4ep_1.5b_hitrate,formal,2,1105,18.4 (Ubuntu 18.4-1.pgdg22.04+1),0.8.5,64,1785485477.6203017,snapshot,NVIDIA GeForce RTX 4090;NVIDIA GeForce RTX 4090,100.0,28764.0,49128.0,823.04,ok,291,11,0.9943917169974116
1,prefix_cache_routing_4ep_1.5b_hitrate,formal,2,1105,18.4 (Ubuntu 18.4-1.pgdg22.04+1),0.8.5,65,1785485478.0257938,snapshot,NVIDIA GeForce RTX 4090;NVIDIA GeForce RTX 4090,100.0,28764.0,49128.0,832.0799999999999,ok,290,15,0.9861949956859362
1,prefix_cache_routing_4ep_1.5b_hitrate,formal,2,1105,18.4 (Ubuntu 18.4-1.pgdg22.04+1),0.8.5,66,1785485478.3912601,snapshot,NVIDIA GeForce RTX 4090;NVIDIA GeForce RTX 4090,100.0,28764.0,49128.0,815.6,ok,290,16,0.9969801553062986
1,prefix_cache_routing_4ep_1.5b_hitrate,formal,2,1105,18.4 (Ubuntu 18.4-1.pgdg22.04+1),0.8.5,67,1785485478.7935016,snapshot,NVIDIA GeForce RTX 4090;NVIDIA GeForce RTX 4090,100.0,28764.0,49128.0,790.63,ok,284,16,0.9943917169974116
1,prefix_cache_routing_4ep_1.5b_hitrate,formal,2,1105,18.4 (Ubuntu 18.4-1.pgdg22.04+1),0.8.5,68,1785485479.1743212,snapshot,NVIDIA GeForce RTX 4090;NVIDIA GeForce RTX 4090,100.0,28764.0,49128.0,773.5,ok,277,17,0.996548748921484
1,prefix_cache_routing_4ep_1.5b_hitrate,formal,2,1105,18.4 (Ubuntu 18.4-1.pgdg22.04+1),0.8.5,69,1785485479.5466726,snapshot,NVIDIA GeForce RTX 4090;NVIDIA GeForce RTX 4090,100.0,28764.0,49128.0,767.87,ok,276,18,1.0
1,prefix_cache_routing_4ep_1.5b_hitrate,formal,2,1105,18.4 (Ubuntu 18.4-1.pgdg22.04+1),0.8.5,70,1785485479.9290066,snapshot,NVIDIA GeForce RTX 4090;NVIDIA GeForce RTX 4090,100.0,28764.0,49128.0,764.76,ok,270,21,0.9831751509922347
1,prefix_cache_routing_4ep_1.5b_hitrate,formal,2,1105,18.4 (Ubuntu 18.4-1.pgdg22.04+1),0.8.5,71,1785485480.2979157,snapshot,NVIDIA GeForce RTX 4090;NVIDIA GeForce RTX 4090,100.0,28764.0,49128.0,763.9,ok,265,20,0.99137187230371
1,prefix_cache_routing_4ep_1.5b_hitrate,formal,2,1105,18.4 (Ubuntu 18.4-1.pgdg22.04+1),0.8.5,72,1785485480.7118776,snapshot,NVIDIA GeForce RTX 4090;NVIDIA GeForce RTX 4090,100.0,28764.0,49128.0,770.5999999999999,ok,265,21,0.999137187230371
1,prefix_cache_routing_4ep_1.5b_hitrate,formal,2,1105,18.4 (Ubuntu 18.4-1.pgdg22.04+1),0.8.5,73,1785485481.0980048,snapshot,NVIDIA GeForce RTX 4090;NVIDIA GeForce RTX 4090,100.0,28764.0,49128.0,778.22,ok,260,17,0.9861949956859362
1,prefix_cache_routing_4ep_1.5b_hitrate,formal,2,1105,18.4 (Ubuntu 18.4-1.pgdg22.04+1),0.8.5,74,1785485481.5006366,snapshot,NVIDIA GeForce RTX 4090;NVIDIA GeForce RTX 4090,100.0,28764.0,49128.0,783.0999999999999,ok,255,9,0.948815443112021
1,prefix_cache_routing_4ep_1.5b_hitrate,formal,2,1105,18.4 (Ubuntu 18.4-1.pgdg22.04+1),0.8.5,75,1785485481.8947375,snapshot,NVIDIA GeForce RTX 4090;NVIDIA GeForce RTX 4090,100.0,28764.0,49128.0,800.48,ok,257,13,0.9961173425366695
1,prefix_cache_routing_4ep_1.5b_hitrate,formal,2,1105,18.4 (Ubuntu 18.4-1.pgdg22.04+1),0.8.5,76,1785485482.3141875,snapshot,NVIDIA GeForce RTX 4090;NVIDIA GeForce RTX 4090,100.0,28764.0,49128.0,806.67,ok,256,5,0.922199473530272
1,prefix_cache_routing_4ep_1.5b_hitrate,formal,2,1105,18.4 (Ubuntu 18.4-1.pgdg22.04+1),0.8.5,77,1785485482.698147,snapshot,NVIDIA GeForce RTX 4090;NVIDIA GeForce RTX 4090,100.0,28764.0,49128.0,811.8,ok,251,4,0.9309739689967826
1,prefix_cache_routing_4ep_1.5b_hitrate,formal,2,1105,18.4 (Ubuntu 18.4-1.pgdg22.04+1),0.8.5,78,1785485483.1118693,snapshot,NVIDIA GeForce RTX 4090;NVIDIA GeForce RTX 4090,100.0,28764.0,49128.0,813.6600000000001,ok,245,6,0.9857635893011216
1,prefix_cache_routing_4ep_1.5b_hitrate,formal,2,1105,18.4 (Ubuntu 18.4-1.pgdg22.04+1),0.8.5,79,1785485483.5101676,snapshot,NVIDIA GeForce RTX 4090;NVIDIA GeForce RTX 4090,100.0,28764.0,49128.0,813.9000000000001,ok,264,12,0.9952545297670405
1,prefix_cache_routing_4ep_1.5b_hitrate,formal,2,1105,18.4 (Ubuntu 18.4-1.pgdg22.04+1),0.8.5,80,1785485483.876928,snapshot,NVIDIA GeForce RTX 4090;NVIDIA GeForce RTX 4090,100.0,28764.0,49128.0,801.03,ok,275,14,0.9922346850733391
1,prefix_cache_routing_4ep_1.5b_hitrate,formal,2,1105,18.4 (Ubuntu 18.4-1.pgdg22.04+1),0.8.5,81,1785485484.2605178,snapshot,NVIDIA GeForce RTX 4090;NVIDIA GeForce RTX 4090,100.0,28764.0,49128.0,788.38,ok,284,17,0.9870578084555651
1,prefix_cache_routing_4ep_1.5b_hitrate,formal,2,1105,18.4 (Ubuntu 18.4-1.pgdg22.04+1),0.8.5,82,1785485484.6478007,snapshot,NVIDIA GeForce RTX 4090;NVIDIA GeForce RTX 4090,100.0,28764.0,49128.0,779.3199999999999,ok,286,19,0.9792924935289042
1,prefix_cache_routing_4ep_1.5b_hitrate,formal,2,1105,18.4 (Ubuntu 18.4-1.pgdg22.04+1),0.8.5,83,1785485485.051059,snapshot,NVIDIA GeForce RTX 4090;NVIDIA GeForce RTX 4090,100.0,28764.0,49128.0,774.88,ok,284,21,0.9956859361518551
1,prefix_cache_routing_4ep_1.5b_hitrate,formal,2,1105,18.4 (Ubuntu 18.4-1.pgdg22.04+1),0.8.5,84,1785485485.4587686,snapshot,NVIDIA GeForce RTX 4090;NVIDIA GeForce RTX 4090,100.0,28764.0,49128.0,769.0899999999999,ok,282,23,0.9680759275237274
1,prefix_cache_routing_4ep_1.5b_hitrate,formal,2,1105,18.4 (Ubuntu 18.4-1.pgdg22.04+1),0.8.5,85,1785485485.8547285,snapshot,NVIDIA GeForce RTX 4090;NVIDIA GeForce RTX 4090,100.0,28764.0,49128.0,766.24,ok,278,26,0.9741156169111302
1,prefix_cache_routing_4ep_1.5b_hitrate,formal,2,1105,18.4 (Ubuntu 18.4-1.pgdg22.04+1),0.8.5,86,1785485486.2741218,snapshot,NVIDIA GeForce RTX 4090;NVIDIA GeForce RTX 4090,100.0,28764.0,49128.0,772.74,ok,277,22,0.9637320854050893
1,prefix_cache_routing_4ep_1.5b_hitrate,formal,2,1105,18.4 (Ubuntu 18.4-1.pgdg22.04+1),0.8.5,87,1785485486.65301,snapshot,NVIDIA GeForce RTX 4090;NVIDIA GeForce RTX 4090,100.0,28764.0,49128.0,784.03,ok,273,3,0.996548748921484
1,prefix_cache_routing_4ep_1.5b_hitrate,formal,2,1105,18.4 (Ubuntu 18.4-1.pgdg22.04+1),0.8.5,88,1785485487.071411,snapshot,NVIDIA GeForce RTX 4090;NVIDIA GeForce RTX 4090,100.0,28764.0,49128.0,787.52,ok,229,0,0.7639660719508629
1,prefix_cache_routing_4ep_1.5b_hitrate,formal,2,1105,18.4 (Ubuntu 18.4-1.pgdg22.04+1),0.8.5,89,1785485487.4887998,snapshot,NVIDIA GeForce RTX 4090;NVIDIA GeForce RTX 4090,100.0,28764.0,49128.0,754.52,ok,183,0,0.7002047382275519
1,prefix_cache_routing_4ep_1.5b_hitrate,formal,2,1105,18.4 (Ubuntu 18.4-1.pgdg22.04+1),0.8.5,90,1785485487.8774173,snapshot,NVIDIA GeForce RTX 4090;NVIDIA GeForce RTX 4090,100.0,28764.0,49128.0,708.19,ok,119,0,0.5364141561860193
1,prefix_cache_routing_4ep_1.5b_hitrate,formal,2,1105,18.4 (Ubuntu 18.4-1.pgdg22.04+1),0.8.5,91,1785485488.288431,snapshot,NVIDIA GeForce RTX 4090;NVIDIA GeForce RTX 4090,100.0,28764.0,49128.0,671.76,ok,68,0,0.4969801553062986
1,prefix_cache_routing_4ep_1.5b_hitrate,formal,2,1105,18.4 (Ubuntu 18.4-1.pgdg22.04+1),0.8.5,92,1785485488.672205,snapshot,NVIDIA GeForce RTX 4090;NVIDIA GeForce RTX 4090,100.0,28764.0,49128.0,647.73,ok,54,0,0.49266609145815354
1,prefix_cache_routing_4ep_1.5b_hitrate,formal,2,1105,18.4 (Ubuntu 18.4-1.pgdg22.04+1),0.8.5,93,1785485489.033579,snapshot,NVIDIA GeForce RTX 4090;NVIDIA GeForce RTX 4090,100.0,28764.0,49128.0,618.77,ok,43,0,0.47282139775668675
1,prefix_cache_routing_4ep_1.5b_hitrate,formal,2,1105,18.4 (Ubuntu 18.4-1.pgdg22.04+1),0.8.5,94,1785485489.4059298,snapshot,NVIDIA GeForce RTX 4090;NVIDIA GeForce RTX 4090,63.5,28764.0,49128.0,585.3199999999999,ok,29,0,0.44089732528041414
1,prefix_cache_routing_4ep_1.5b_hitrate,formal,2,1105,18.4 (Ubuntu 18.4-1.pgdg22.04+1),0.8.5,95,1785485489.806168,snapshot,NVIDIA GeForce RTX 4090;NVIDIA GeForce RTX 4090,2.0,28764.0,49128.0,493.91,ok,0,0,0.0
