schema_version,experiment_id,phase,repeat_index,job_id,server_version,pgvector_version,sample_index,sample_epoch_s,gpu_metrics_status,gpu_name,gpu_utilization_pct,gpu_memory_used_mib,gpu_memory_total_mib,vllm_metrics_status,vllm_num_requests_running,vllm_num_requests_waiting,vllm_kv_cache_usage_perc
1,adaptive_flush_window_formal_512_fixed_timeout,warmup,1,821,18.4 (Debian 18.4-1.pgdg12+1),0.8.2,0,1784987866.3089983,snapshot,NVIDIA GeForce RTX 5070,27,11252,12227,ok,0,0,0.0
1,adaptive_flush_window_formal_512_fixed_timeout,warmup,1,821,18.4 (Debian 18.4-1.pgdg12+1),0.8.2,1,1784987866.687898,snapshot,NVIDIA GeForce RTX 5070,25,11253,12227,ok,0,0,0.0
1,adaptive_flush_window_formal_512_fixed_timeout,warmup,1,821,18.4 (Debian 18.4-1.pgdg12+1),0.8.2,2,1784987867.005975,snapshot,NVIDIA GeForce RTX 5070,25,11264,12227,ok,0,0,0.0
1,adaptive_flush_window_formal_512_fixed_timeout,warmup,1,821,18.4 (Debian 18.4-1.pgdg12+1),0.8.2,3,1784987867.375196,snapshot,NVIDIA GeForce RTX 5070,25,11264,12227,ok,0,0,0.0
1,adaptive_flush_window_formal_512_fixed_timeout,warmup,1,821,18.4 (Debian 18.4-1.pgdg12+1),0.8.2,4,1784987867.7206838,snapshot,NVIDIA GeForce RTX 5070,25,11264,12227,ok,0,0,0.0
1,adaptive_flush_window_formal_512_fixed_timeout,warmup,1,821,18.4 (Debian 18.4-1.pgdg12+1),0.8.2,5,1784987868.076067,snapshot,NVIDIA GeForce RTX 5070,25,11265,12227,ok,0,0,0.0
1,adaptive_flush_window_formal_512_fixed_timeout,warmup,1,821,18.4 (Debian 18.4-1.pgdg12+1),0.8.2,6,1784987868.4133124,snapshot,NVIDIA GeForce RTX 5070,25,11263,12227,ok,0,0,0.0
1,adaptive_flush_window_formal_512_fixed_timeout,warmup,1,821,18.4 (Debian 18.4-1.pgdg12+1),0.8.2,7,1784987868.7527082,snapshot,NVIDIA GeForce RTX 5070,27,11262,12227,ok,0,0,0.0
1,adaptive_flush_window_formal_512_fixed_timeout,warmup,1,821,18.4 (Debian 18.4-1.pgdg12+1),0.8.2,8,1784987869.0949697,snapshot,NVIDIA GeForce RTX 5070,27,11256,12227,ok,0,0,0.0
1,adaptive_flush_window_formal_512_fixed_timeout,warmup,1,821,18.4 (Debian 18.4-1.pgdg12+1),0.8.2,9,1784987869.4381375,snapshot,NVIDIA GeForce RTX 5070,27,11251,12227,ok,0,0,0.0
1,adaptive_flush_window_formal_512_fixed_timeout,warmup,1,821,18.4 (Debian 18.4-1.pgdg12+1),0.8.2,10,1784987869.7741966,snapshot,NVIDIA GeForce RTX 5070,26,11254,12227,ok,0,0,0.0
1,adaptive_flush_window_formal_512_fixed_timeout,warmup,1,821,18.4 (Debian 18.4-1.pgdg12+1),0.8.2,11,1784987870.1310093,snapshot,NVIDIA GeForce RTX 5070,26,11261,12227,ok,3,0,0.0007947230390209503
1,adaptive_flush_window_formal_512_fixed_timeout,warmup,1,821,18.4 (Debian 18.4-1.pgdg12+1),0.8.2,12,1784987870.4682078,snapshot,NVIDIA GeForce RTX 5070,26,11267,12227,ok,15,0,0.004370976714614949
1,adaptive_flush_window_formal_512_fixed_timeout,warmup,1,821,18.4 (Debian 18.4-1.pgdg12+1),0.8.2,13,1784987870.784828,snapshot,NVIDIA GeForce RTX 5070,68,11275,12227,ok,9,0,0.008741953429229898
1,adaptive_flush_window_formal_512_fixed_timeout,warmup,1,821,18.4 (Debian 18.4-1.pgdg12+1),0.8.2,14,1784987871.1113472,snapshot,NVIDIA GeForce RTX 5070,68,11279,12227,ok,6,0,0.023921163474529106
1,adaptive_flush_window_formal_512_fixed_timeout,warmup,1,821,18.4 (Debian 18.4-1.pgdg12+1),0.8.2,15,1784987871.4509032,snapshot,NVIDIA GeForce RTX 5070,68,11327,12227,ok,4,0,0.003894142891202379
1,adaptive_flush_window_formal_512_fixed_timeout,warmup,1,821,18.4 (Debian 18.4-1.pgdg12+1),0.8.2,16,1784987871.808477,snapshot,NVIDIA GeForce RTX 5070,82,11330,12227,ok,2,0,0.0004768338234125702
1,adaptive_flush_window_formal_512_fixed_timeout,warmup,1,821,18.4 (Debian 18.4-1.pgdg12+1),0.8.2,17,1784987872.1276102,snapshot,NVIDIA GeForce RTX 5070,82,11330,12227,ok,0,0,0.0
1,adaptive_flush_window_formal_512_fixed_timeout,warmup,1,821,18.4 (Debian 18.4-1.pgdg12+1),0.8.2,18,1784987872.4655204,snapshot,NVIDIA GeForce RTX 5070,82,11324,12227,ok,5,0,0.00222522450925855
1,adaptive_flush_window_formal_512_fixed_timeout,warmup,1,821,18.4 (Debian 18.4-1.pgdg12+1),0.8.2,19,1784987872.8083992,snapshot,NVIDIA GeForce RTX 5070,38,11325,12227,ok,3,0,0.006914090439481879
1,adaptive_flush_window_formal_512_fixed_timeout,warmup,1,821,18.4 (Debian 18.4-1.pgdg12+1),0.8.2,20,1784987873.1299543,snapshot,NVIDIA GeForce RTX 5070,38,11335,12227,ok,6,0,0.004529921322419139
1,adaptive_flush_window_formal_512_fixed_timeout,warmup,1,821,18.4 (Debian 18.4-1.pgdg12+1),0.8.2,21,1784987873.4666326,snapshot,NVIDIA GeForce RTX 5070,38,11316,12227,ok,1,0,7.947230390203952e-05
1,adaptive_flush_window_formal_512_fixed_timeout,warmup,1,821,18.4 (Debian 18.4-1.pgdg12+1),0.8.2,22,1784987873.808992,snapshot,NVIDIA GeForce RTX 5070,82,11330,12227,ok,0,0,0.0
1,adaptive_flush_window_formal_512_fixed_timeout,warmup,1,821,18.4 (Debian 18.4-1.pgdg12+1),0.8.2,23,1784987874.1491485,snapshot,NVIDIA GeForce RTX 5070,82,11324,12227,ok,0,0,0.0
1,adaptive_flush_window_formal_512_fixed_timeout,warmup,1,821,18.4 (Debian 18.4-1.pgdg12+1),0.8.2,24,1784987874.4990473,snapshot,NVIDIA GeForce RTX 5070,23,11315,12227,ok,1,0,7.947230390203952e-05
1,adaptive_flush_window_formal_512_fixed_timeout,warmup,1,821,18.4 (Debian 18.4-1.pgdg12+1),0.8.2,25,1784987874.8461564,snapshot,NVIDIA GeForce RTX 5070,23,11329,12227,ok,0,0,0.0
1,adaptive_flush_window_formal_512_fixed_timeout,warmup,1,821,18.4 (Debian 18.4-1.pgdg12+1),0.8.2,26,1784987875.1854732,snapshot,NVIDIA GeForce RTX 5070,23,11322,12227,ok,0,0,0.0
1,adaptive_flush_window_formal_512_fixed_timeout,warmup,1,821,18.4 (Debian 18.4-1.pgdg12+1),0.8.2,27,1784987875.5077422,snapshot,NVIDIA GeForce RTX 5070,22,11310,12227,ok,0,0,0.0
1,adaptive_flush_window_formal_512_fixed_timeout,warmup,1,821,18.4 (Debian 18.4-1.pgdg12+1),0.8.2,28,1784987875.8489935,snapshot,NVIDIA GeForce RTX 5070,22,11311,12227,ok,0,0,0.0
1,adaptive_flush_window_formal_512_fixed_timeout,warmup,1,821,18.4 (Debian 18.4-1.pgdg12+1),0.8.2,29,1784987876.168177,snapshot,NVIDIA GeForce RTX 5070,22,11311,12227,ok,0,0,0.0
1,adaptive_flush_window_formal_512_fixed_timeout,warmup,1,821,18.4 (Debian 18.4-1.pgdg12+1),0.8.2,30,1784987876.4949198,snapshot,NVIDIA GeForce RTX 5070,23,11315,12227,ok,0,0,0.0
1,adaptive_flush_window_formal_512_fixed_timeout,warmup,1,821,18.4 (Debian 18.4-1.pgdg12+1),0.8.2,31,1784987876.8196692,snapshot,NVIDIA GeForce RTX 5070,23,11322,12227,ok,2,0,0.0004768338234125702
1,adaptive_flush_window_formal_512_fixed_timeout,warmup,1,821,18.4 (Debian 18.4-1.pgdg12+1),0.8.2,32,1784987877.1648812,snapshot,NVIDIA GeForce RTX 5070,23,11329,12227,ok,0,0,0.0
1,adaptive_flush_window_formal_512_fixed_timeout,warmup,1,821,18.4 (Debian 18.4-1.pgdg12+1),0.8.2,33,1784987877.5029204,snapshot,NVIDIA GeForce RTX 5070,37,11329,12227,ok,0,0,0.0
1,adaptive_flush_window_formal_512_fixed_timeout,warmup,1,821,18.4 (Debian 18.4-1.pgdg12+1),0.8.2,34,1784987877.8273761,snapshot,NVIDIA GeForce RTX 5070,37,11329,12227,ok,0,0,0.0
1,adaptive_flush_window_formal_512_fixed_timeout,warmup,1,821,18.4 (Debian 18.4-1.pgdg12+1),0.8.2,35,1784987878.1719575,snapshot,NVIDIA GeForce RTX 5070,37,11319,12227,ok,0,0,0.0
1,adaptive_flush_window_formal_512_fixed_timeout,warmup,1,821,18.4 (Debian 18.4-1.pgdg12+1),0.8.2,36,1784987878.514111,snapshot,NVIDIA GeForce RTX 5070,23,11313,12227,ok,0,0,0.0
1,adaptive_flush_window_formal_512_fixed_timeout,warmup,1,821,18.4 (Debian 18.4-1.pgdg12+1),0.8.2,37,1784987878.8506737,snapshot,NVIDIA GeForce RTX 5070,23,11317,12227,ok,0,0,0.0
1,adaptive_flush_window_formal_512_fixed_timeout,warmup,1,821,18.4 (Debian 18.4-1.pgdg12+1),0.8.2,38,1784987879.1928492,snapshot,NVIDIA GeForce RTX 5070,23,11316,12227,ok,0,0,0.0
1,adaptive_flush_window_formal_512_fixed_timeout,warmup,1,821,18.4 (Debian 18.4-1.pgdg12+1),0.8.2,39,1784987879.5348535,snapshot,NVIDIA GeForce RTX 5070,22,11316,12227,ok,0,0,0.0
1,adaptive_flush_window_formal_512_fixed_timeout,warmup,1,821,18.4 (Debian 18.4-1.pgdg12+1),0.8.2,40,1784987879.8540192,snapshot,NVIDIA GeForce RTX 5070,22,11316,12227,ok,0,0,0.0
1,adaptive_flush_window_formal_512_fixed_timeout,warmup,1,821,18.4 (Debian 18.4-1.pgdg12+1),0.8.2,41,1784987880.1998916,snapshot,NVIDIA GeForce RTX 5070,22,11316,12227,ok,0,0,0.0
1,adaptive_flush_window_formal_512_fixed_timeout,warmup,1,821,18.4 (Debian 18.4-1.pgdg12+1),0.8.2,42,1784987880.5414047,snapshot,NVIDIA GeForce RTX 5070,23,11312,12227,ok,0,0,0.0
1,adaptive_flush_window_formal_512_fixed_timeout,warmup,1,821,18.4 (Debian 18.4-1.pgdg12+1),0.8.2,43,1784987880.8776314,snapshot,NVIDIA GeForce RTX 5070,23,11321,12227,ok,2,0,0.0003178892156083801
1,adaptive_flush_window_formal_512_fixed_timeout,warmup,1,821,18.4 (Debian 18.4-1.pgdg12+1),0.8.2,44,1784987881.2361722,snapshot,NVIDIA GeForce RTX 5070,23,11318,12227,ok,2,0,0.00039736151951041965
1,adaptive_flush_window_formal_512_fixed_timeout,warmup,1,821,18.4 (Debian 18.4-1.pgdg12+1),0.8.2,45,1784987881.5687912,snapshot,NVIDIA GeForce RTX 5070,78,11325,12227,ok,3,0,0.0005563061273146097
1,adaptive_flush_window_formal_512_fixed_timeout,warmup,1,821,18.4 (Debian 18.4-1.pgdg12+1),0.8.2,46,1784987881.8959455,snapshot,NVIDIA GeForce RTX 5070,78,11326,12227,ok,1,0,0.00015894460780419006
1,adaptive_flush_window_formal_512_fixed_timeout,warmup,1,821,18.4 (Debian 18.4-1.pgdg12+1),0.8.2,47,1784987882.2363446,snapshot,NVIDIA GeForce RTX 5070,78,11326,12227,ok,9,0,0.0012715568624334095
1,adaptive_flush_window_formal_512_fixed_timeout,warmup,1,821,18.4 (Debian 18.4-1.pgdg12+1),0.8.2,48,1784987882.5788312,snapshot,NVIDIA GeForce RTX 5070,88,11323,12227,ok,11,0,0.007073035047286069
1,adaptive_flush_window_formal_512_fixed_timeout,warmup,1,821,18.4 (Debian 18.4-1.pgdg12+1),0.8.2,49,1784987882.9110174,snapshot,NVIDIA GeForce RTX 5070,88,11326,12227,ok,5,0,0.002702058332671009
1,adaptive_flush_window_formal_512_fixed_timeout,warmup,1,821,18.4 (Debian 18.4-1.pgdg12+1),0.8.2,50,1784987883.2497797,snapshot,NVIDIA GeForce RTX 5070,88,11323,12227,ok,10,0,0.0018278629897480192
1,adaptive_flush_window_formal_512_fixed_timeout,warmup,1,821,18.4 (Debian 18.4-1.pgdg12+1),0.8.2,51,1784987883.587585,snapshot,NVIDIA GeForce RTX 5070,92,11322,12227,ok,13,0,0.0038146705873003395
1,adaptive_flush_window_formal_512_fixed_timeout,warmup,1,821,18.4 (Debian 18.4-1.pgdg12+1),0.8.2,52,1784987883.912346,snapshot,NVIDIA GeForce RTX 5070,92,11322,12227,ok,14,0,0.014463959310180408
1,adaptive_flush_window_formal_512_fixed_timeout,warmup,1,821,18.4 (Debian 18.4-1.pgdg12+1),0.8.2,53,1784987884.253457,snapshot,NVIDIA GeForce RTX 5070,92,11323,12227,ok,23,0,0.031471032345227634
1,adaptive_flush_window_formal_512_fixed_timeout,warmup,1,821,18.4 (Debian 18.4-1.pgdg12+1),0.8.2,54,1784987884.5741107,snapshot,NVIDIA GeForce RTX 5070,89,11326,12227,ok,17,0,0.011682428673607248
1,adaptive_flush_window_formal_512_fixed_timeout,warmup,1,821,18.4 (Debian 18.4-1.pgdg12+1),0.8.2,55,1784987884.9369304,snapshot,NVIDIA GeForce RTX 5070,89,11326,12227,ok,33,0,0.034808869109115514
1,adaptive_flush_window_formal_512_fixed_timeout,warmup,1,821,18.4 (Debian 18.4-1.pgdg12+1),0.8.2,56,1784987885.2532716,snapshot,NVIDIA GeForce RTX 5070,89,11330,12227,ok,26,0,0.014305014702376218
1,adaptive_flush_window_formal_512_fixed_timeout,warmup,1,821,18.4 (Debian 18.4-1.pgdg12+1),0.8.2,57,1784987885.5959227,snapshot,NVIDIA GeForce RTX 5070,88,11322,12227,ok,30,0,0.020344909798935107
1,adaptive_flush_window_formal_512_fixed_timeout,warmup,1,821,18.4 (Debian 18.4-1.pgdg12+1),0.8.2,58,1784987885.9231534,snapshot,NVIDIA GeForce RTX 5070,88,11324,12227,ok,34,0,0.011602956369705208
1,adaptive_flush_window_formal_512_fixed_timeout,warmup,1,821,18.4 (Debian 18.4-1.pgdg12+1),0.8.2,59,1784987886.2628102,snapshot,NVIDIA GeForce RTX 5070,88,11323,12227,ok,26,0,0.017483906858459797
1,adaptive_flush_window_formal_512_fixed_timeout,warmup,1,821,18.4 (Debian 18.4-1.pgdg12+1),0.8.2,60,1784987886.6109135,snapshot,NVIDIA GeForce RTX 5070,91,11333,12227,ok,27,0,0.005563061273146319
1,adaptive_flush_window_formal_512_fixed_timeout,warmup,1,821,18.4 (Debian 18.4-1.pgdg12+1),0.8.2,61,1784987886.959888,snapshot,NVIDIA GeForce RTX 5070,91,11322,12227,ok,18,0,0.0038146705873003395
1,adaptive_flush_window_formal_512_fixed_timeout,warmup,1,821,18.4 (Debian 18.4-1.pgdg12+1),0.8.2,62,1784987887.3177102,snapshot,NVIDIA GeForce RTX 5070,91,11322,12227,ok,22,0,0.014781848525788788
1,adaptive_flush_window_formal_512_fixed_timeout,warmup,1,821,18.4 (Debian 18.4-1.pgdg12+1),0.8.2,63,1784987887.6332726,snapshot,NVIDIA GeForce RTX 5070,93,11322,12227,ok,0,0,0.0
1,adaptive_flush_window_formal_512_fixed_timeout,formal,1,822,18.4 (Debian 18.4-1.pgdg12+1),0.8.2,0,1784987891.561605,snapshot,NVIDIA GeForce RTX 5070,58,11336,12227,ok,0,0,0.0
1,adaptive_flush_window_formal_512_fixed_timeout,formal,1,822,18.4 (Debian 18.4-1.pgdg12+1),0.8.2,1,1784987891.8844028,snapshot,NVIDIA GeForce RTX 5070,58,11352,12227,ok,8,0,0.0029404752443773496
1,adaptive_flush_window_formal_512_fixed_timeout,formal,1,822,18.4 (Debian 18.4-1.pgdg12+1),0.8.2,2,1784987892.2260106,snapshot,NVIDIA GeForce RTX 5070,58,11345,12227,ok,10,0,0.0016689183819439402
1,adaptive_flush_window_formal_512_fixed_timeout,formal,1,822,18.4 (Debian 18.4-1.pgdg12+1),0.8.2,3,1784987892.581825,snapshot,NVIDIA GeForce RTX 5070,93,11346,12227,ok,3,0,0.00222522450925855
1,adaptive_flush_window_formal_512_fixed_timeout,formal,1,822,18.4 (Debian 18.4-1.pgdg12+1),0.8.2,4,1784987892.9252121,snapshot,NVIDIA GeForce RTX 5070,93,11349,12227,ok,4,0,0.011126122546292638
1,adaptive_flush_window_formal_512_fixed_timeout,formal,1,822,18.4 (Debian 18.4-1.pgdg12+1),0.8.2,5,1784987893.2479324,snapshot,NVIDIA GeForce RTX 5070,93,11349,12227,ok,3,0,0.017166017642851417
1,adaptive_flush_window_formal_512_fixed_timeout,formal,1,822,18.4 (Debian 18.4-1.pgdg12+1),0.8.2,6,1784987893.5694246,snapshot,NVIDIA GeForce RTX 5070,93,11346,12227,ok,0,0,0.0
1,adaptive_flush_window_formal_512_fixed_timeout,formal,1,822,18.4 (Debian 18.4-1.pgdg12+1),0.8.2,7,1784987893.8937333,snapshot,NVIDIA GeForce RTX 5070,93,11349,12227,ok,0,0,0.0
1,adaptive_flush_window_formal_512_fixed_timeout,formal,1,822,18.4 (Debian 18.4-1.pgdg12+1),0.8.2,8,1784987894.2413683,snapshot,NVIDIA GeForce RTX 5070,93,11349,12227,ok,1,0,0.0012715568624334095
1,adaptive_flush_window_formal_512_fixed_timeout,formal,1,822,18.4 (Debian 18.4-1.pgdg12+1),0.8.2,9,1784987894.5801804,snapshot,NVIDIA GeForce RTX 5070,93,11349,12227,ok,0,0,0.0
1,adaptive_flush_window_formal_512_fixed_timeout,formal,1,822,18.4 (Debian 18.4-1.pgdg12+1),0.8.2,10,1784987894.916787,snapshot,NVIDIA GeForce RTX 5070,93,11345,12227,ok,0,0,0.0
1,adaptive_flush_window_formal_512_fixed_timeout,formal,1,822,18.4 (Debian 18.4-1.pgdg12+1),0.8.2,11,1784987895.2450118,snapshot,NVIDIA GeForce RTX 5070,93,11350,12227,ok,2,0,0.00039736151951041965
1,adaptive_flush_window_formal_512_fixed_timeout,formal,1,822,18.4 (Debian 18.4-1.pgdg12+1),0.8.2,12,1784987895.5684597,snapshot,NVIDIA GeForce RTX 5070,93,11349,12227,ok,1,0,0.00015894460780419006
1,adaptive_flush_window_formal_512_fixed_timeout,formal,1,822,18.4 (Debian 18.4-1.pgdg12+1),0.8.2,13,1784987895.9109535,snapshot,NVIDIA GeForce RTX 5070,93,11342,12227,ok,5,0,0.004212032106810759
1,adaptive_flush_window_formal_512_fixed_timeout,formal,1,822,18.4 (Debian 18.4-1.pgdg12+1),0.8.2,14,1784987896.2327557,snapshot,NVIDIA GeForce RTX 5070,93,11341,12227,ok,4,0,0.0007152507351187998
1,adaptive_flush_window_formal_512_fixed_timeout,formal,1,822,18.4 (Debian 18.4-1.pgdg12+1),0.8.2,15,1784987896.5749836,snapshot,NVIDIA GeForce RTX 5070,93,11338,12227,ok,1,0,0.00023841691170622958
1,adaptive_flush_window_formal_512_fixed_timeout,formal,1,822,18.4 (Debian 18.4-1.pgdg12+1),0.8.2,16,1784987896.9131398,snapshot,NVIDIA GeForce RTX 5070,93,11348,12227,ok,3,0,0.0006357784312167603
1,adaptive_flush_window_formal_512_fixed_timeout,formal,1,822,18.4 (Debian 18.4-1.pgdg12+1),0.8.2,17,1784987897.2359295,snapshot,NVIDIA GeForce RTX 5070,93,11348,12227,ok,10,0,0.010490344115075878
1,adaptive_flush_window_formal_512_fixed_timeout,formal,1,822,18.4 (Debian 18.4-1.pgdg12+1),0.8.2,18,1784987897.5710878,snapshot,NVIDIA GeForce RTX 5070,94,11337,12227,ok,6,0,0.0044504490185171
1,adaptive_flush_window_formal_512_fixed_timeout,formal,1,822,18.4 (Debian 18.4-1.pgdg12+1),0.8.2,19,1784987897.8959434,snapshot,NVIDIA GeForce RTX 5070,94,11337,12227,ok,0,0,0.0
1,adaptive_flush_window_formal_512_fixed_timeout,formal,1,822,18.4 (Debian 18.4-1.pgdg12+1),0.8.2,20,1784987898.2301383,snapshot,NVIDIA GeForce RTX 5070,94,11338,12227,ok,0,0,0.0
1,adaptive_flush_window_formal_512_fixed_timeout,formal,1,822,18.4 (Debian 18.4-1.pgdg12+1),0.8.2,21,1784987898.571107,snapshot,NVIDIA GeForce RTX 5070,76,11339,12227,ok,0,0,0.0
1,adaptive_flush_window_formal_512_fixed_timeout,formal,1,822,18.4 (Debian 18.4-1.pgdg12+1),0.8.2,22,1784987898.9135842,snapshot,NVIDIA GeForce RTX 5070,76,11332,12227,ok,0,0,0.0
1,adaptive_flush_window_formal_512_fixed_timeout,formal,1,822,18.4 (Debian 18.4-1.pgdg12+1),0.8.2,23,1784987899.2505608,snapshot,NVIDIA GeForce RTX 5070,76,11336,12227,ok,0,0,0.0
1,adaptive_flush_window_formal_512_fixed_timeout,formal,1,822,18.4 (Debian 18.4-1.pgdg12+1),0.8.2,24,1784987899.5904024,snapshot,NVIDIA GeForce RTX 5070,82,11335,12227,ok,0,0,0.0
1,adaptive_flush_window_formal_512_fixed_timeout,formal,1,822,18.4 (Debian 18.4-1.pgdg12+1),0.8.2,25,1784987899.9502501,snapshot,NVIDIA GeForce RTX 5070,82,11328,12227,ok,0,0,0.0
1,adaptive_flush_window_formal_512_fixed_timeout,formal,1,822,18.4 (Debian 18.4-1.pgdg12+1),0.8.2,26,1784987900.2728384,snapshot,NVIDIA GeForce RTX 5070,82,11328,12227,ok,0,0,0.0
1,adaptive_flush_window_formal_512_fixed_timeout,formal,1,822,18.4 (Debian 18.4-1.pgdg12+1),0.8.2,27,1784987900.6141024,snapshot,NVIDIA GeForce RTX 5070,59,11332,12227,ok,0,0,0.0
1,adaptive_flush_window_formal_512_fixed_timeout,formal,1,822,18.4 (Debian 18.4-1.pgdg12+1),0.8.2,28,1784987900.958519,snapshot,NVIDIA GeForce RTX 5070,59,11330,12227,ok,0,0,0.0
1,adaptive_flush_window_formal_512_fixed_timeout,formal,1,822,18.4 (Debian 18.4-1.pgdg12+1),0.8.2,29,1784987901.293944,snapshot,NVIDIA GeForce RTX 5070,59,11337,12227,ok,2,0,0.0004768338234125702
1,adaptive_flush_window_formal_512_fixed_timeout,formal,1,822,18.4 (Debian 18.4-1.pgdg12+1),0.8.2,30,1784987901.6191742,snapshot,NVIDIA GeForce RTX 5070,80,11337,12227,ok,2,0,0.00023841691170622958
1,adaptive_flush_window_formal_512_fixed_timeout,formal,1,822,18.4 (Debian 18.4-1.pgdg12+1),0.8.2,31,1784987901.9499054,snapshot,NVIDIA GeForce RTX 5070,80,11337,12227,ok,1,0,0.0004768338234125702
1,adaptive_flush_window_formal_512_fixed_timeout,formal,1,822,18.4 (Debian 18.4-1.pgdg12+1),0.8.2,32,1784987902.2706904,snapshot,NVIDIA GeForce RTX 5070,80,11337,12227,ok,0,0,0.0
1,adaptive_flush_window_formal_512_fixed_timeout,formal,1,822,18.4 (Debian 18.4-1.pgdg12+1),0.8.2,33,1784987902.61633,snapshot,NVIDIA GeForce RTX 5070,54,11326,12227,ok,0,0,0.0
1,adaptive_flush_window_formal_512_fixed_timeout,formal,1,822,18.4 (Debian 18.4-1.pgdg12+1),0.8.2,34,1784987902.9720309,snapshot,NVIDIA GeForce RTX 5070,54,11315,12227,ok,0,0,0.0
1,adaptive_flush_window_formal_512_fixed_timeout,formal,1,822,18.4 (Debian 18.4-1.pgdg12+1),0.8.2,35,1784987903.2923036,snapshot,NVIDIA GeForce RTX 5070,54,11329,12227,ok,0,0,0.0
1,adaptive_flush_window_formal_512_fixed_timeout,formal,1,822,18.4 (Debian 18.4-1.pgdg12+1),0.8.2,36,1784987903.6298275,snapshot,NVIDIA GeForce RTX 5070,54,11329,12227,ok,0,0,0.0
1,adaptive_flush_window_formal_512_fixed_timeout,formal,1,822,18.4 (Debian 18.4-1.pgdg12+1),0.8.2,37,1784987903.991947,snapshot,NVIDIA GeForce RTX 5070,54,11329,12227,ok,0,0,0.0
1,adaptive_flush_window_formal_512_fixed_timeout,formal,1,822,18.4 (Debian 18.4-1.pgdg12+1),0.8.2,38,1784987904.3326428,snapshot,NVIDIA GeForce RTX 5070,54,11329,12227,ok,0,0,0.0
1,adaptive_flush_window_formal_512_fixed_timeout,formal,1,822,18.4 (Debian 18.4-1.pgdg12+1),0.8.2,39,1784987904.6540508,snapshot,NVIDIA GeForce RTX 5070,63,11325,12227,ok,0,0,0.0
1,adaptive_flush_window_formal_512_fixed_timeout,formal,1,822,18.4 (Debian 18.4-1.pgdg12+1),0.8.2,40,1784987904.9943242,snapshot,NVIDIA GeForce RTX 5070,63,11325,12227,ok,0,0,0.0
1,adaptive_flush_window_formal_512_fixed_timeout,formal,1,822,18.4 (Debian 18.4-1.pgdg12+1),0.8.2,41,1784987905.3181827,snapshot,NVIDIA GeForce RTX 5070,63,11332,12227,ok,4,0,0.0005563061273146097
1,adaptive_flush_window_formal_512_fixed_timeout,formal,1,822,18.4 (Debian 18.4-1.pgdg12+1),0.8.2,42,1784987905.6778276,snapshot,NVIDIA GeForce RTX 5070,88,11370,12227,ok,2,0,0.00039736151951041965
1,adaptive_flush_window_formal_512_fixed_timeout,formal,1,822,18.4 (Debian 18.4-1.pgdg12+1),0.8.2,43,1784987906.0154123,snapshot,NVIDIA GeForce RTX 5070,88,11332,12227,ok,3,0,0.0003178892156083801
1,adaptive_flush_window_formal_512_fixed_timeout,formal,1,822,18.4 (Debian 18.4-1.pgdg12+1),0.8.2,44,1784987906.3551111,snapshot,NVIDIA GeForce RTX 5070,88,11329,12227,ok,0,0,0.0
1,adaptive_flush_window_formal_512_fixed_timeout,formal,1,822,18.4 (Debian 18.4-1.pgdg12+1),0.8.2,45,1784987906.713988,snapshot,NVIDIA GeForce RTX 5070,93,11332,12227,ok,10,0,0.0017483906858459797
1,adaptive_flush_window_formal_512_fixed_timeout,formal,1,822,18.4 (Debian 18.4-1.pgdg12+1),0.8.2,46,1784987907.0530198,snapshot,NVIDIA GeForce RTX 5070,93,11329,12227,ok,15,0,0.0077088134785027185
1,adaptive_flush_window_formal_512_fixed_timeout,formal,1,822,18.4 (Debian 18.4-1.pgdg12+1),0.8.2,47,1784987907.393423,snapshot,NVIDIA GeForce RTX 5070,93,11436,12227,ok,4,0,0.00238416911706274
1,adaptive_flush_window_formal_512_fixed_timeout,formal,1,822,18.4 (Debian 18.4-1.pgdg12+1),0.8.2,48,1784987907.7231357,snapshot,NVIDIA GeForce RTX 5070,90,11440,12227,ok,9,0,0.0017483906858459797
1,adaptive_flush_window_formal_512_fixed_timeout,formal,1,822,18.4 (Debian 18.4-1.pgdg12+1),0.8.2,49,1784987908.062849,snapshot,NVIDIA GeForce RTX 5070,90,11420,12227,ok,15,0,0.007390924262894338
1,adaptive_flush_window_formal_512_fixed_timeout,formal,1,822,18.4 (Debian 18.4-1.pgdg12+1),0.8.2,50,1784987908.3989708,snapshot,NVIDIA GeForce RTX 5070,90,11437,12227,ok,17,0,0.014940793133592978
1,adaptive_flush_window_formal_512_fixed_timeout,formal,1,822,18.4 (Debian 18.4-1.pgdg12+1),0.8.2,51,1784987908.7411659,snapshot,NVIDIA GeForce RTX 5070,93,11419,12227,ok,15,0,0.013271874751649038
1,adaptive_flush_window_formal_512_fixed_timeout,formal,1,822,18.4 (Debian 18.4-1.pgdg12+1),0.8.2,52,1784987909.0755484,snapshot,NVIDIA GeForce RTX 5070,93,11419,12227,ok,24,0,0.05133910832075017
1,adaptive_flush_window_formal_512_fixed_timeout,formal,1,822,18.4 (Debian 18.4-1.pgdg12+1),0.8.2,53,1784987909.413625,snapshot,NVIDIA GeForce RTX 5070,93,11419,12227,ok,19,0,0.0063577843121671584
1,adaptive_flush_window_formal_512_fixed_timeout,formal,1,822,18.4 (Debian 18.4-1.pgdg12+1),0.8.2,54,1784987909.7526345,snapshot,NVIDIA GeForce RTX 5070,94,11418,12227,ok,33,0,0.035206230628625934
1,adaptive_flush_window_formal_512_fixed_timeout,formal,1,822,18.4 (Debian 18.4-1.pgdg12+1),0.8.2,55,1784987910.0744805,snapshot,NVIDIA GeForce RTX 5070,94,11440,12227,ok,18,0,0.011285067154096828
1,adaptive_flush_window_formal_512_fixed_timeout,formal,1,822,18.4 (Debian 18.4-1.pgdg12+1),0.8.2,56,1784987910.4165752,snapshot,NVIDIA GeForce RTX 5070,94,11423,12227,ok,26,0,0.009218787252642469
1,adaptive_flush_window_formal_512_fixed_timeout,formal,1,822,18.4 (Debian 18.4-1.pgdg12+1),0.8.2,57,1784987910.7537463,snapshot,NVIDIA GeForce RTX 5070,94,11424,12227,ok,31,0,0.027100055630612685
1,adaptive_flush_window_formal_512_fixed_timeout,formal,1,822,18.4 (Debian 18.4-1.pgdg12+1),0.8.2,58,1784987911.0877883,snapshot,NVIDIA GeForce RTX 5070,94,11422,12227,ok,32,0,0.012079790193117668
1,adaptive_flush_window_formal_512_fixed_timeout,formal,1,822,18.4 (Debian 18.4-1.pgdg12+1),0.8.2,59,1784987911.424555,snapshot,NVIDIA GeForce RTX 5070,94,11395,12227,ok,34,0,0.020583326710641336
1,adaptive_flush_window_formal_512_fixed_timeout,formal,1,822,18.4 (Debian 18.4-1.pgdg12+1),0.8.2,60,1784987911.7520676,snapshot,NVIDIA GeForce RTX 5070,91,11407,12227,ok,25,0,0.0034967813716919594
1,adaptive_flush_window_formal_512_fixed_timeout,formal,1,822,18.4 (Debian 18.4-1.pgdg12+1),0.8.2,61,1784987912.0893414,snapshot,NVIDIA GeForce RTX 5070,91,11412,12227,ok,27,0,0.011444011761901018
1,adaptive_flush_window_formal_512_fixed_timeout,formal,1,822,18.4 (Debian 18.4-1.pgdg12+1),0.8.2,62,1784987912.4292495,snapshot,NVIDIA GeForce RTX 5070,91,11412,12227,ok,22,0,0.005960422792656739
1,adaptive_flush_window_formal_512_fixed_timeout,formal,1,822,18.4 (Debian 18.4-1.pgdg12+1),0.8.2,63,1784987912.7487273,snapshot,NVIDIA GeForce RTX 5070,93,11413,12227,ok,19,0,0.013430819359453228
1,adaptive_flush_window_formal_512_fixed_timeout,formal,2,823,18.4 (Debian 18.4-1.pgdg12+1),0.8.2,0,1784987916.8220735,snapshot,NVIDIA GeForce RTX 5070,54,11286,12227,ok,0,0,0.0
1,adaptive_flush_window_formal_512_fixed_timeout,formal,2,823,18.4 (Debian 18.4-1.pgdg12+1),0.8.2,1,1784987917.147205,snapshot,NVIDIA GeForce RTX 5070,54,11298,12227,ok,9,0,0.0033378367638877693
1,adaptive_flush_window_formal_512_fixed_timeout,formal,2,823,18.4 (Debian 18.4-1.pgdg12+1),0.8.2,2,1784987917.4720144,snapshot,NVIDIA GeForce RTX 5070,54,11298,12227,ok,9,0,0.0016689183819439402
1,adaptive_flush_window_formal_512_fixed_timeout,formal,2,823,18.4 (Debian 18.4-1.pgdg12+1),0.8.2,3,1784987917.8093958,snapshot,NVIDIA GeForce RTX 5070,93,11298,12227,ok,3,0,0.0021457522053563993
1,adaptive_flush_window_formal_512_fixed_timeout,formal,2,823,18.4 (Debian 18.4-1.pgdg12+1),0.8.2,4,1784987918.1324599,snapshot,NVIDIA GeForce RTX 5070,93,11298,12227,ok,4,0,0.011126122546292638
1,adaptive_flush_window_formal_512_fixed_timeout,formal,2,823,18.4 (Debian 18.4-1.pgdg12+1),0.8.2,5,1784987918.469004,snapshot,NVIDIA GeForce RTX 5070,93,11299,12227,ok,3,0,0.017166017642851417
1,adaptive_flush_window_formal_512_fixed_timeout,formal,2,823,18.4 (Debian 18.4-1.pgdg12+1),0.8.2,6,1784987918.7911487,snapshot,NVIDIA GeForce RTX 5070,92,11302,12227,ok,0,0,0.0
1,adaptive_flush_window_formal_512_fixed_timeout,formal,2,823,18.4 (Debian 18.4-1.pgdg12+1),0.8.2,7,1784987919.114688,snapshot,NVIDIA GeForce RTX 5070,92,11302,12227,ok,0,0,0.0
1,adaptive_flush_window_formal_512_fixed_timeout,formal,2,823,18.4 (Debian 18.4-1.pgdg12+1),0.8.2,8,1784987919.4865968,snapshot,NVIDIA GeForce RTX 5070,92,11295,12227,ok,1,0,0.00119208455853137
1,adaptive_flush_window_formal_512_fixed_timeout,formal,2,823,18.4 (Debian 18.4-1.pgdg12+1),0.8.2,9,1784987919.80786,snapshot,NVIDIA GeForce RTX 5070,79,11298,12227,ok,0,0,0.0
1,adaptive_flush_window_formal_512_fixed_timeout,formal,2,823,18.4 (Debian 18.4-1.pgdg12+1),0.8.2,10,1784987920.1325474,snapshot,NVIDIA GeForce RTX 5070,79,11304,12227,ok,1,0,0.00015894460780419006
1,adaptive_flush_window_formal_512_fixed_timeout,formal,2,823,18.4 (Debian 18.4-1.pgdg12+1),0.8.2,11,1784987920.4733062,snapshot,NVIDIA GeForce RTX 5070,79,11297,12227,ok,2,0,0.00039736151951041965
1,adaptive_flush_window_formal_512_fixed_timeout,formal,2,823,18.4 (Debian 18.4-1.pgdg12+1),0.8.2,12,1784987920.7990386,snapshot,NVIDIA GeForce RTX 5070,94,11301,12227,ok,1,0,0.00015894460780419006
1,adaptive_flush_window_formal_512_fixed_timeout,formal,2,823,18.4 (Debian 18.4-1.pgdg12+1),0.8.2,13,1784987921.1193635,snapshot,NVIDIA GeForce RTX 5070,94,11303,12227,ok,5,0,0.004212032106810759
1,adaptive_flush_window_formal_512_fixed_timeout,formal,2,823,18.4 (Debian 18.4-1.pgdg12+1),0.8.2,14,1784987921.4455972,snapshot,NVIDIA GeForce RTX 5070,94,11303,12227,ok,4,0,0.0006357784312167603
1,adaptive_flush_window_formal_512_fixed_timeout,formal,2,823,18.4 (Debian 18.4-1.pgdg12+1),0.8.2,15,1784987921.77449,snapshot,NVIDIA GeForce RTX 5070,87,11300,12227,ok,1,0,0.00023841691170622958
1,adaptive_flush_window_formal_512_fixed_timeout,formal,2,823,18.4 (Debian 18.4-1.pgdg12+1),0.8.2,16,1784987922.112455,snapshot,NVIDIA GeForce RTX 5070,87,11303,12227,ok,1,0,0.00023841691170622958
1,adaptive_flush_window_formal_512_fixed_timeout,formal,2,823,18.4 (Debian 18.4-1.pgdg12+1),0.8.2,17,1784987922.452245,snapshot,NVIDIA GeForce RTX 5070,87,11303,12227,ok,9,0,0.009059842644838279
1,adaptive_flush_window_formal_512_fixed_timeout,formal,2,823,18.4 (Debian 18.4-1.pgdg12+1),0.8.2,18,1784987922.7731218,snapshot,NVIDIA GeForce RTX 5070,93,11303,12227,ok,4,0,0.0023046968131605894
1,adaptive_flush_window_formal_512_fixed_timeout,formal,2,823,18.4 (Debian 18.4-1.pgdg12+1),0.8.2,19,1784987923.1120718,snapshot,NVIDIA GeForce RTX 5070,93,11300,12227,ok,0,0,0.0
1,adaptive_flush_window_formal_512_fixed_timeout,formal,2,823,18.4 (Debian 18.4-1.pgdg12+1),0.8.2,20,1784987923.4528704,snapshot,NVIDIA GeForce RTX 5070,93,11300,12227,ok,0,0,0.0
1,adaptive_flush_window_formal_512_fixed_timeout,formal,2,823,18.4 (Debian 18.4-1.pgdg12+1),0.8.2,21,1784987923.7788677,snapshot,NVIDIA GeForce RTX 5070,75,11297,12227,ok,0,0,0.0
1,adaptive_flush_window_formal_512_fixed_timeout,formal,2,823,18.4 (Debian 18.4-1.pgdg12+1),0.8.2,22,1784987924.104757,snapshot,NVIDIA GeForce RTX 5070,75,11291,12227,ok,0,0,0.0
1,adaptive_flush_window_formal_512_fixed_timeout,formal,2,823,18.4 (Debian 18.4-1.pgdg12+1),0.8.2,23,1784987924.4507825,snapshot,NVIDIA GeForce RTX 5070,75,11297,12227,ok,0,0,0.0
1,adaptive_flush_window_formal_512_fixed_timeout,formal,2,823,18.4 (Debian 18.4-1.pgdg12+1),0.8.2,24,1784987924.7899876,snapshot,NVIDIA GeForce RTX 5070,70,11297,12227,ok,0,0,0.0
1,adaptive_flush_window_formal_512_fixed_timeout,formal,2,823,18.4 (Debian 18.4-1.pgdg12+1),0.8.2,25,1784987925.1289644,snapshot,NVIDIA GeForce RTX 5070,70,11288,12227,ok,0,0,0.0
1,adaptive_flush_window_formal_512_fixed_timeout,formal,2,823,18.4 (Debian 18.4-1.pgdg12+1),0.8.2,26,1784987925.4718843,snapshot,NVIDIA GeForce RTX 5070,70,11287,12227,ok,0,0,0.0
1,adaptive_flush_window_formal_512_fixed_timeout,formal,2,823,18.4 (Debian 18.4-1.pgdg12+1),0.8.2,27,1784987925.7930677,snapshot,NVIDIA GeForce RTX 5070,61,11301,12227,ok,0,0,0.0
1,adaptive_flush_window_formal_512_fixed_timeout,formal,2,823,18.4 (Debian 18.4-1.pgdg12+1),0.8.2,28,1784987926.1190963,snapshot,NVIDIA GeForce RTX 5070,61,11300,12227,ok,0,0,0.0
1,adaptive_flush_window_formal_512_fixed_timeout,formal,2,823,18.4 (Debian 18.4-1.pgdg12+1),0.8.2,29,1784987926.4483573,snapshot,NVIDIA GeForce RTX 5070,61,11297,12227,ok,2,0,0.0004768338234125702
1,adaptive_flush_window_formal_512_fixed_timeout,formal,2,823,18.4 (Debian 18.4-1.pgdg12+1),0.8.2,30,1784987926.7912555,snapshot,NVIDIA GeForce RTX 5070,64,11300,12227,ok,2,0,0.00023841691170622958
1,adaptive_flush_window_formal_512_fixed_timeout,formal,2,823,18.4 (Debian 18.4-1.pgdg12+1),0.8.2,31,1784987927.130278,snapshot,NVIDIA GeForce RTX 5070,64,11300,12227,ok,1,0,0.0004768338234125702
1,adaptive_flush_window_formal_512_fixed_timeout,formal,2,823,18.4 (Debian 18.4-1.pgdg12+1),0.8.2,32,1784987927.4702942,snapshot,NVIDIA GeForce RTX 5070,64,11293,12227,ok,0,0,0.0
1,adaptive_flush_window_formal_512_fixed_timeout,formal,2,823,18.4 (Debian 18.4-1.pgdg12+1),0.8.2,33,1784987927.8123236,snapshot,NVIDIA GeForce RTX 5070,89,11281,12227,ok,0,0,0.0
1,adaptive_flush_window_formal_512_fixed_timeout,formal,2,823,18.4 (Debian 18.4-1.pgdg12+1),0.8.2,34,1784987928.1503284,snapshot,NVIDIA GeForce RTX 5070,89,11278,12227,ok,0,0,0.0
1,adaptive_flush_window_formal_512_fixed_timeout,formal,2,823,18.4 (Debian 18.4-1.pgdg12+1),0.8.2,35,1784987928.4960265,snapshot,NVIDIA GeForce RTX 5070,59,11283,12227,ok,0,0,0.0
1,adaptive_flush_window_formal_512_fixed_timeout,formal,2,823,18.4 (Debian 18.4-1.pgdg12+1),0.8.2,36,1784987928.8157601,snapshot,NVIDIA GeForce RTX 5070,59,11277,12227,ok,0,0,0.0
1,adaptive_flush_window_formal_512_fixed_timeout,formal,2,823,18.4 (Debian 18.4-1.pgdg12+1),0.8.2,37,1784987929.1435902,snapshot,NVIDIA GeForce RTX 5070,59,11280,12227,ok,0,0,0.0
1,adaptive_flush_window_formal_512_fixed_timeout,formal,2,823,18.4 (Debian 18.4-1.pgdg12+1),0.8.2,38,1784987929.4892366,snapshot,NVIDIA GeForce RTX 5070,59,11283,12227,ok,0,0,0.0
1,adaptive_flush_window_formal_512_fixed_timeout,formal,2,823,18.4 (Debian 18.4-1.pgdg12+1),0.8.2,39,1784987929.8086221,snapshot,NVIDIA GeForce RTX 5070,65,11283,12227,ok,0,0,0.0
1,adaptive_flush_window_formal_512_fixed_timeout,formal,2,823,18.4 (Debian 18.4-1.pgdg12+1),0.8.2,40,1784987930.1494045,snapshot,NVIDIA GeForce RTX 5070,65,11280,12227,ok,0,0,0.0
1,adaptive_flush_window_formal_512_fixed_timeout,formal,2,823,18.4 (Debian 18.4-1.pgdg12+1),0.8.2,41,1784987930.4941204,snapshot,NVIDIA GeForce RTX 5070,64,11298,12227,ok,2,0,0.00023841691170622958
1,adaptive_flush_window_formal_512_fixed_timeout,formal,2,823,18.4 (Debian 18.4-1.pgdg12+1),0.8.2,42,1784987930.8307414,snapshot,NVIDIA GeForce RTX 5070,64,11298,12227,ok,0,0,0.0
1,adaptive_flush_window_formal_512_fixed_timeout,formal,2,823,18.4 (Debian 18.4-1.pgdg12+1),0.8.2,43,1784987931.1750853,snapshot,NVIDIA GeForce RTX 5070,64,11295,12227,ok,2,0,0.00015894460780419006
1,adaptive_flush_window_formal_512_fixed_timeout,formal,2,823,18.4 (Debian 18.4-1.pgdg12+1),0.8.2,44,1784987931.5088627,snapshot,NVIDIA GeForce RTX 5070,93,11298,12227,ok,2,0,0.0005563061273146097
1,adaptive_flush_window_formal_512_fixed_timeout,formal,2,823,18.4 (Debian 18.4-1.pgdg12+1),0.8.2,45,1784987931.849382,snapshot,NVIDIA GeForce RTX 5070,93,11298,12227,ok,8,0,0.00135102916633556
1,adaptive_flush_window_formal_512_fixed_timeout,formal,2,823,18.4 (Debian 18.4-1.pgdg12+1),0.8.2,46,1784987932.2084599,snapshot,NVIDIA GeForce RTX 5070,93,11298,12227,ok,11,0,0.005404116665342129
1,adaptive_flush_window_formal_512_fixed_timeout,formal,2,823,18.4 (Debian 18.4-1.pgdg12+1),0.8.2,47,1784987932.5286121,snapshot,NVIDIA GeForce RTX 5070,94,11298,12227,ok,5,0,0.0044504490185171
1,adaptive_flush_window_formal_512_fixed_timeout,formal,2,823,18.4 (Debian 18.4-1.pgdg12+1),0.8.2,48,1784987932.8904624,snapshot,NVIDIA GeForce RTX 5070,94,11295,12227,ok,6,0,0.0015894460780417896
1,adaptive_flush_window_formal_512_fixed_timeout,formal,2,823,18.4 (Debian 18.4-1.pgdg12+1),0.8.2,49,1784987933.230105,snapshot,NVIDIA GeForce RTX 5070,94,11298,12227,ok,9,0,0.005960422792656739
1,adaptive_flush_window_formal_512_fixed_timeout,formal,2,823,18.4 (Debian 18.4-1.pgdg12+1),0.8.2,50,1784987933.5767174,snapshot,NVIDIA GeForce RTX 5070,90,11297,12227,ok,11,0,0.014066597790669988
1,adaptive_flush_window_formal_512_fixed_timeout,formal,2,823,18.4 (Debian 18.4-1.pgdg12+1),0.8.2,51,1784987933.9176872,snapshot,NVIDIA GeForce RTX 5070,90,11297,12227,ok,16,0,0.024954303425256286
1,adaptive_flush_window_formal_512_fixed_timeout,formal,2,823,18.4 (Debian 18.4-1.pgdg12+1),0.8.2,52,1784987934.2715747,snapshot,NVIDIA GeForce RTX 5070,90,11297,12227,ok,28,0,0.0487165222919812
1,adaptive_flush_window_formal_512_fixed_timeout,formal,2,823,18.4 (Debian 18.4-1.pgdg12+1),0.8.2,53,1784987934.6270034,snapshot,NVIDIA GeForce RTX 5070,94,11295,12227,ok,20,0,0.011046650242390488
1,adaptive_flush_window_formal_512_fixed_timeout,formal,2,823,18.4 (Debian 18.4-1.pgdg12+1),0.8.2,54,1784987934.9537995,snapshot,NVIDIA GeForce RTX 5070,94,11298,12227,ok,34,0,0.031709449256933975
1,adaptive_flush_window_formal_512_fixed_timeout,formal,2,823,18.4 (Debian 18.4-1.pgdg12+1),0.8.2,55,1784987935.28977,snapshot,NVIDIA GeForce RTX 5070,94,11298,12227,ok,26,0,0.016450766907732617
1,adaptive_flush_window_formal_512_fixed_timeout,formal,2,823,18.4 (Debian 18.4-1.pgdg12+1),0.8.2,56,1784987935.6281388,snapshot,NVIDIA GeForce RTX 5070,95,11290,12227,ok,28,0,0.009298259556544508
1,adaptive_flush_window_formal_512_fixed_timeout,formal,2,823,18.4 (Debian 18.4-1.pgdg12+1),0.8.2,57,1784987935.9497836,snapshot,NVIDIA GeForce RTX 5070,95,11297,12227,ok,22,0,0.023762218866724916
1,adaptive_flush_window_formal_512_fixed_timeout,formal,2,823,18.4 (Debian 18.4-1.pgdg12+1),0.8.2,58,1784987936.2933292,snapshot,NVIDIA GeForce RTX 5070,95,11297,12227,ok,30,0,0.009695621076055039
1,adaptive_flush_window_formal_512_fixed_timeout,formal,2,823,18.4 (Debian 18.4-1.pgdg12+1),0.8.2,59,1784987936.6106763,snapshot,NVIDIA GeForce RTX 5070,94,11297,12227,ok,23,0,0.019391242152109966
1,adaptive_flush_window_formal_512_fixed_timeout,formal,2,823,18.4 (Debian 18.4-1.pgdg12+1),0.8.2,60,1784987936.951018,snapshot,NVIDIA GeForce RTX 5070,94,11297,12227,ok,30,0,0.007311451958992299
1,adaptive_flush_window_formal_512_fixed_timeout,formal,2,823,18.4 (Debian 18.4-1.pgdg12+1),0.8.2,61,1784987937.3051407,snapshot,NVIDIA GeForce RTX 5070,94,11297,12227,ok,30,0,0.012556624016530238
1,adaptive_flush_window_formal_512_fixed_timeout,formal,2,823,18.4 (Debian 18.4-1.pgdg12+1),0.8.2,62,1784987937.6266427,snapshot,NVIDIA GeForce RTX 5070,93,11297,12227,ok,17,0,0.0036557259794961494
1,adaptive_flush_window_formal_512_fixed_timeout,formal,2,823,18.4 (Debian 18.4-1.pgdg12+1),0.8.2,63,1784987937.9561434,snapshot,NVIDIA GeForce RTX 5070,93,11297,12227,ok,22,0,0.015179210045299207
1,adaptive_flush_window_formal_512_fixed_timeout,formal,3,824,18.4 (Debian 18.4-1.pgdg12+1),0.8.2,0,1784987942.1497974,snapshot,NVIDIA GeForce RTX 5070,52,11291,12227,ok,0,0,0.0
1,adaptive_flush_window_formal_512_fixed_timeout,formal,3,824,18.4 (Debian 18.4-1.pgdg12+1),0.8.2,1,1784987942.4901001,snapshot,NVIDIA GeForce RTX 5070,56,11301,12227,ok,9,0,0.0030994198521815397
1,adaptive_flush_window_formal_512_fixed_timeout,formal,3,824,18.4 (Debian 18.4-1.pgdg12+1),0.8.2,2,1784987942.8099456,snapshot,NVIDIA GeForce RTX 5070,56,11301,12227,ok,9,0,0.0015894460780417896
1,adaptive_flush_window_formal_512_fixed_timeout,formal,3,824,18.4 (Debian 18.4-1.pgdg12+1),0.8.2,3,1784987943.1514406,snapshot,NVIDIA GeForce RTX 5070,56,11301,12227,ok,3,0,0.00222522450925855
1,adaptive_flush_window_formal_512_fixed_timeout,formal,3,824,18.4 (Debian 18.4-1.pgdg12+1),0.8.2,4,1784987943.4744196,snapshot,NVIDIA GeForce RTX 5070,56,11301,12227,ok,4,0,0.011126122546292638
1,adaptive_flush_window_formal_512_fixed_timeout,formal,3,824,18.4 (Debian 18.4-1.pgdg12+1),0.8.2,5,1784987943.8123763,snapshot,NVIDIA GeForce RTX 5070,92,11296,12227,ok,3,0,0.011444011761901018
1,adaptive_flush_window_formal_512_fixed_timeout,formal,3,824,18.4 (Debian 18.4-1.pgdg12+1),0.8.2,6,1784987944.1499796,snapshot,NVIDIA GeForce RTX 5070,92,11297,12227,ok,0,0,0.0
1,adaptive_flush_window_formal_512_fixed_timeout,formal,3,824,18.4 (Debian 18.4-1.pgdg12+1),0.8.2,7,1784987944.4756129,snapshot,NVIDIA GeForce RTX 5070,92,11300,12227,ok,0,0,0.0
1,adaptive_flush_window_formal_512_fixed_timeout,formal,3,824,18.4 (Debian 18.4-1.pgdg12+1),0.8.2,8,1784987944.8193207,snapshot,NVIDIA GeForce RTX 5070,74,11300,12227,ok,1,0,0.00119208455853137
1,adaptive_flush_window_formal_512_fixed_timeout,formal,3,824,18.4 (Debian 18.4-1.pgdg12+1),0.8.2,9,1784987945.141775,snapshot,NVIDIA GeForce RTX 5070,74,11300,12227,ok,0,0,0.0
1,adaptive_flush_window_formal_512_fixed_timeout,formal,3,824,18.4 (Debian 18.4-1.pgdg12+1),0.8.2,10,1784987945.4710567,snapshot,NVIDIA GeForce RTX 5070,74,11300,12227,ok,1,0,0.00015894460780419006
1,adaptive_flush_window_formal_512_fixed_timeout,formal,3,824,18.4 (Debian 18.4-1.pgdg12+1),0.8.2,11,1784987945.7904558,snapshot,NVIDIA GeForce RTX 5070,63,11303,12227,ok,2,0,0.00039736151951041965
1,adaptive_flush_window_formal_512_fixed_timeout,formal,3,824,18.4 (Debian 18.4-1.pgdg12+1),0.8.2,12,1784987946.1491518,snapshot,NVIDIA GeForce RTX 5070,63,11296,12227,ok,1,0,0.00015894460780419006
1,adaptive_flush_window_formal_512_fixed_timeout,formal,3,824,18.4 (Debian 18.4-1.pgdg12+1),0.8.2,13,1784987946.4891572,snapshot,NVIDIA GeForce RTX 5070,63,11296,12227,ok,6,0,0.004370976714614949
1,adaptive_flush_window_formal_512_fixed_timeout,formal,3,824,18.4 (Debian 18.4-1.pgdg12+1),0.8.2,14,1784987946.8091595,snapshot,NVIDIA GeForce RTX 5070,89,11300,12227,ok,4,0,0.0006357784312167603
1,adaptive_flush_window_formal_512_fixed_timeout,formal,3,824,18.4 (Debian 18.4-1.pgdg12+1),0.8.2,15,1784987947.1299503,snapshot,NVIDIA GeForce RTX 5070,89,11300,12227,ok,1,0,0.00023841691170622958
1,adaptive_flush_window_formal_512_fixed_timeout,formal,3,824,18.4 (Debian 18.4-1.pgdg12+1),0.8.2,16,1784987947.473836,snapshot,NVIDIA GeForce RTX 5070,89,11307,12227,ok,1,0,0.00023841691170622958
1,adaptive_flush_window_formal_512_fixed_timeout,formal,3,824,18.4 (Debian 18.4-1.pgdg12+1),0.8.2,17,1784987947.8310893,snapshot,NVIDIA GeForce RTX 5070,85,11300,12227,ok,10,0,0.010569816418978029
1,adaptive_flush_window_formal_512_fixed_timeout,formal,3,824,18.4 (Debian 18.4-1.pgdg12+1),0.8.2,18,1784987948.151108,snapshot,NVIDIA GeForce RTX 5070,85,11300,12227,ok,4,0,0.0023046968131605894
1,adaptive_flush_window_formal_512_fixed_timeout,formal,3,824,18.4 (Debian 18.4-1.pgdg12+1),0.8.2,19,1784987948.510897,snapshot,NVIDIA GeForce RTX 5070,93,11300,12227,ok,0,0,0.0
1,adaptive_flush_window_formal_512_fixed_timeout,formal,3,824,18.4 (Debian 18.4-1.pgdg12+1),0.8.2,20,1784987948.8301122,snapshot,NVIDIA GeForce RTX 5070,93,11296,12227,ok,0,0,0.0
1,adaptive_flush_window_formal_512_fixed_timeout,formal,3,824,18.4 (Debian 18.4-1.pgdg12+1),0.8.2,21,1784987949.1585932,snapshot,NVIDIA GeForce RTX 5070,93,11297,12227,ok,0,0,0.0
1,adaptive_flush_window_formal_512_fixed_timeout,formal,3,824,18.4 (Debian 18.4-1.pgdg12+1),0.8.2,22,1784987949.4854472,snapshot,NVIDIA GeForce RTX 5070,59,11293,12227,ok,0,0,0.0
1,adaptive_flush_window_formal_512_fixed_timeout,formal,3,824,18.4 (Debian 18.4-1.pgdg12+1),0.8.2,23,1784987949.8285704,snapshot,NVIDIA GeForce RTX 5070,59,11300,12227,ok,0,0,0.0
1,adaptive_flush_window_formal_512_fixed_timeout,formal,3,824,18.4 (Debian 18.4-1.pgdg12+1),0.8.2,24,1784987950.1519666,snapshot,NVIDIA GeForce RTX 5070,59,11298,12227,ok,0,0,0.0
1,adaptive_flush_window_formal_512_fixed_timeout,formal,3,824,18.4 (Debian 18.4-1.pgdg12+1),0.8.2,25,1784987950.493287,snapshot,NVIDIA GeForce RTX 5070,51,11301,12227,ok,0,0,0.0
1,adaptive_flush_window_formal_512_fixed_timeout,formal,3,824,18.4 (Debian 18.4-1.pgdg12+1),0.8.2,26,1784987950.8375983,snapshot,NVIDIA GeForce RTX 5070,51,11299,12227,ok,0,0,0.0
1,adaptive_flush_window_formal_512_fixed_timeout,formal,3,824,18.4 (Debian 18.4-1.pgdg12+1),0.8.2,27,1784987951.1571393,snapshot,NVIDIA GeForce RTX 5070,51,11289,12227,ok,0,0,0.0
1,adaptive_flush_window_formal_512_fixed_timeout,formal,3,824,18.4 (Debian 18.4-1.pgdg12+1),0.8.2,28,1784987951.4895353,snapshot,NVIDIA GeForce RTX 5070,51,11290,12227,ok,0,0,0.0
1,adaptive_flush_window_formal_512_fixed_timeout,formal,3,824,18.4 (Debian 18.4-1.pgdg12+1),0.8.2,29,1784987951.828971,snapshot,NVIDIA GeForce RTX 5070,25,11265,12227,ok,2,0,0.0004768338234125702
1,adaptive_flush_window_formal_512_fixed_timeout,formal,3,824,18.4 (Debian 18.4-1.pgdg12+1),0.8.2,30,1784987952.1713264,snapshot,NVIDIA GeForce RTX 5070,25,11266,12227,ok,2,0,0.00023841691170622958
1,adaptive_flush_window_formal_512_fixed_timeout,formal,3,824,18.4 (Debian 18.4-1.pgdg12+1),0.8.2,31,1784987952.5087166,snapshot,NVIDIA GeForce RTX 5070,73,11269,12227,ok,1,0,0.0004768338234125702
1,adaptive_flush_window_formal_512_fixed_timeout,formal,3,824,18.4 (Debian 18.4-1.pgdg12+1),0.8.2,32,1784987952.8359783,snapshot,NVIDIA GeForce RTX 5070,73,11319,12227,ok,0,0,0.0
1,adaptive_flush_window_formal_512_fixed_timeout,formal,3,824,18.4 (Debian 18.4-1.pgdg12+1),0.8.2,33,1784987953.1936219,snapshot,NVIDIA GeForce RTX 5070,73,11311,12227,ok,0,0,0.0
1,adaptive_flush_window_formal_512_fixed_timeout,formal,3,824,18.4 (Debian 18.4-1.pgdg12+1),0.8.2,34,1784987953.5120537,snapshot,NVIDIA GeForce RTX 5070,26,11317,12227,ok,0,0,0.0
1,adaptive_flush_window_formal_512_fixed_timeout,formal,3,824,18.4 (Debian 18.4-1.pgdg12+1),0.8.2,35,1784987953.8552654,snapshot,NVIDIA GeForce RTX 5070,26,11308,12227,ok,0,0,0.0
1,adaptive_flush_window_formal_512_fixed_timeout,formal,3,824,18.4 (Debian 18.4-1.pgdg12+1),0.8.2,36,1784987954.1770685,snapshot,NVIDIA GeForce RTX 5070,26,11307,12227,ok,0,0,0.0
1,adaptive_flush_window_formal_512_fixed_timeout,formal,3,824,18.4 (Debian 18.4-1.pgdg12+1),0.8.2,37,1784987954.5027084,snapshot,NVIDIA GeForce RTX 5070,25,11307,12227,ok,0,0,0.0
1,adaptive_flush_window_formal_512_fixed_timeout,formal,3,824,18.4 (Debian 18.4-1.pgdg12+1),0.8.2,38,1784987954.8472202,snapshot,NVIDIA GeForce RTX 5070,25,11255,12227,ok,0,0,0.0
1,adaptive_flush_window_formal_512_fixed_timeout,formal,3,824,18.4 (Debian 18.4-1.pgdg12+1),0.8.2,39,1784987955.1881676,snapshot,NVIDIA GeForce RTX 5070,25,11256,12227,ok,0,0,0.0
1,adaptive_flush_window_formal_512_fixed_timeout,formal,3,824,18.4 (Debian 18.4-1.pgdg12+1),0.8.2,40,1784987955.509458,snapshot,NVIDIA GeForce RTX 5070,26,11260,12227,ok,0,0,0.0
1,adaptive_flush_window_formal_512_fixed_timeout,formal,3,824,18.4 (Debian 18.4-1.pgdg12+1),0.8.2,41,1784987955.8700237,snapshot,NVIDIA GeForce RTX 5070,26,11260,12227,ok,3,0,0.0003178892156083801
1,adaptive_flush_window_formal_512_fixed_timeout,formal,3,824,18.4 (Debian 18.4-1.pgdg12+1),0.8.2,42,1784987956.2095387,snapshot,NVIDIA GeForce RTX 5070,26,11266,12227,ok,0,0,0.0
1,adaptive_flush_window_formal_512_fixed_timeout,formal,3,824,18.4 (Debian 18.4-1.pgdg12+1),0.8.2,43,1784987956.530115,snapshot,NVIDIA GeForce RTX 5070,68,11267,12227,ok,2,0,0.00015894460780419006
1,adaptive_flush_window_formal_512_fixed_timeout,formal,3,824,18.4 (Debian 18.4-1.pgdg12+1),0.8.2,44,1784987956.8751667,snapshot,NVIDIA GeForce RTX 5070,68,11249,12227,ok,1,0,0.0003178892156083801
1,adaptive_flush_window_formal_512_fixed_timeout,formal,3,824,18.4 (Debian 18.4-1.pgdg12+1),0.8.2,45,1784987957.2296972,snapshot,NVIDIA GeForce RTX 5070,68,11256,12227,ok,8,0,0.0014305014702375995
1,adaptive_flush_window_formal_512_fixed_timeout,formal,3,824,18.4 (Debian 18.4-1.pgdg12+1),0.8.2,46,1784987957.5719392,snapshot,NVIDIA GeForce RTX 5070,81,11251,12227,ok,10,0,0.0051656997536358995
1,adaptive_flush_window_formal_512_fixed_timeout,formal,3,824,18.4 (Debian 18.4-1.pgdg12+1),0.8.2,47,1784987957.9074132,snapshot,NVIDIA GeForce RTX 5070,81,11271,12227,ok,7,0,0.004768338234125369
1,adaptive_flush_window_formal_512_fixed_timeout,formal,3,824,18.4 (Debian 18.4-1.pgdg12+1),0.8.2,48,1784987958.2314837,snapshot,NVIDIA GeForce RTX 5070,81,11271,12227,ok,4,0,0.00039736151951041965
1,adaptive_flush_window_formal_512_fixed_timeout,formal,3,824,18.4 (Debian 18.4-1.pgdg12+1),0.8.2,49,1784987958.6181793,snapshot,NVIDIA GeForce RTX 5070,88,11389,12227,ok,13,0,0.006755145831677689
1,adaptive_flush_window_formal_512_fixed_timeout,formal,3,824,18.4 (Debian 18.4-1.pgdg12+1),0.8.2,50,1784987958.9529893,snapshot,NVIDIA GeForce RTX 5070,88,11372,12227,ok,12,0,0.014305014702376218
1,adaptive_flush_window_formal_512_fixed_timeout,formal,3,824,18.4 (Debian 18.4-1.pgdg12+1),0.8.2,51,1784987959.2929058,snapshot,NVIDIA GeForce RTX 5070,88,11374,12227,ok,21,0,0.015497099260907587
1,adaptive_flush_window_formal_512_fixed_timeout,formal,3,824,18.4 (Debian 18.4-1.pgdg12+1),0.8.2,52,1784987959.6120691,snapshot,NVIDIA GeForce RTX 5070,91,11379,12227,ok,21,0,0.032345227688150624
1,adaptive_flush_window_formal_512_fixed_timeout,formal,3,824,18.4 (Debian 18.4-1.pgdg12+1),0.8.2,53,1784987959.955974,snapshot,NVIDIA GeForce RTX 5070,91,11379,12227,ok,27,0,0.029802113963283805
1,adaptive_flush_window_formal_512_fixed_timeout,formal,3,824,18.4 (Debian 18.4-1.pgdg12+1),0.8.2,54,1784987960.2738736,snapshot,NVIDIA GeForce RTX 5070,91,11379,12227,ok,22,0,0.011841373281411438
1,adaptive_flush_window_formal_512_fixed_timeout,formal,3,824,18.4 (Debian 18.4-1.pgdg12+1),0.8.2,55,1784987960.6083624,snapshot,NVIDIA GeForce RTX 5070,93,11378,12227,ok,11,0,0.0031788921560835792
1,adaptive_flush_window_formal_512_fixed_timeout,formal,3,824,18.4 (Debian 18.4-1.pgdg12+1),0.8.2,56,1784987960.932301,snapshot,NVIDIA GeForce RTX 5070,93,11379,12227,ok,27,0,0.025590081856473046
1,adaptive_flush_window_formal_512_fixed_timeout,formal,3,824,18.4 (Debian 18.4-1.pgdg12+1),0.8.2,57,1784987961.26881,snapshot,NVIDIA GeForce RTX 5070,93,11379,12227,ok,40,0,0.014861320829690827
1,adaptive_flush_window_formal_512_fixed_timeout,formal,3,824,18.4 (Debian 18.4-1.pgdg12+1),0.8.2,58,1784987961.593981,snapshot,NVIDIA GeForce RTX 5070,87,11374,12227,ok,35,0,0.021775411269172706
1,adaptive_flush_window_formal_512_fixed_timeout,formal,3,824,18.4 (Debian 18.4-1.pgdg12+1),0.8.2,59,1784987961.934541,snapshot,NVIDIA GeForce RTX 5070,87,11315,12227,ok,25,0,0.005801478184852549
1,adaptive_flush_window_formal_512_fixed_timeout,formal,3,824,18.4 (Debian 18.4-1.pgdg12+1),0.8.2,60,1784987962.2909954,snapshot,NVIDIA GeForce RTX 5070,87,11266,12227,ok,0,0,0.0
1,adaptive_flush_window_formal_512_fixed_timeout,formal,3,824,18.4 (Debian 18.4-1.pgdg12+1),0.8.2,61,1784987962.629183,snapshot,NVIDIA GeForce RTX 5070,69,11266,12227,ok,25,0,0.009775093379957078
1,adaptive_flush_window_formal_512_fixed_timeout,formal,4,825,18.4 (Debian 18.4-1.pgdg12+1),0.8.2,0,1784987966.1129713,snapshot,NVIDIA GeForce RTX 5070,23,11250,12227,ok,0,0,0.0
1,adaptive_flush_window_formal_512_fixed_timeout,formal,4,825,18.4 (Debian 18.4-1.pgdg12+1),0.8.2,1,1784987966.4732058,snapshot,NVIDIA GeForce RTX 5070,23,11261,12227,ok,7,0,0.003019947548279389
1,adaptive_flush_window_formal_512_fixed_timeout,formal,4,825,18.4 (Debian 18.4-1.pgdg12+1),0.8.2,2,1784987966.7924912,snapshot,NVIDIA GeForce RTX 5070,50,11260,12227,ok,6,0,0.0007947230390209503
1,adaptive_flush_window_formal_512_fixed_timeout,formal,4,825,18.4 (Debian 18.4-1.pgdg12+1),0.8.2,3,1784987967.1294098,snapshot,NVIDIA GeForce RTX 5070,50,11260,12227,ok,2,0,0.00206627990145436
1,adaptive_flush_window_formal_512_fixed_timeout,formal,4,825,18.4 (Debian 18.4-1.pgdg12+1),0.8.2,4,1784987967.473394,snapshot,NVIDIA GeForce RTX 5070,50,11261,12227,ok,3,0,0.005880950488754699
1,adaptive_flush_window_formal_512_fixed_timeout,formal,4,825,18.4 (Debian 18.4-1.pgdg12+1),0.8.2,5,1784987967.7910326,snapshot,NVIDIA GeForce RTX 5070,84,11264,12227,ok,4,0,0.022570134308193546
1,adaptive_flush_window_formal_512_fixed_timeout,formal,4,825,18.4 (Debian 18.4-1.pgdg12+1),0.8.2,6,1784987968.109895,snapshot,NVIDIA GeForce RTX 5070,84,11264,12227,ok,0,0,0.0
1,adaptive_flush_window_formal_512_fixed_timeout,formal,4,825,18.4 (Debian 18.4-1.pgdg12+1),0.8.2,7,1784987968.4522808,snapshot,NVIDIA GeForce RTX 5070,84,11254,12227,ok,0,0,0.0
1,adaptive_flush_window_formal_512_fixed_timeout,formal,4,825,18.4 (Debian 18.4-1.pgdg12+1),0.8.2,8,1784987968.775372,snapshot,NVIDIA GeForce RTX 5070,23,11264,12227,ok,1,0,0.0012715568624334095
1,adaptive_flush_window_formal_512_fixed_timeout,formal,4,825,18.4 (Debian 18.4-1.pgdg12+1),0.8.2,9,1784987969.0998323,snapshot,NVIDIA GeForce RTX 5070,23,11264,12227,ok,0,0,0.0
1,adaptive_flush_window_formal_512_fixed_timeout,formal,4,825,18.4 (Debian 18.4-1.pgdg12+1),0.8.2,10,1784987969.4461637,snapshot,NVIDIA GeForce RTX 5070,23,11264,12227,ok,0,0,0.0
1,adaptive_flush_window_formal_512_fixed_timeout,formal,4,825,18.4 (Debian 18.4-1.pgdg12+1),0.8.2,11,1784987969.7696764,snapshot,NVIDIA GeForce RTX 5070,51,11257,12227,ok,2,0,0.00039736151951041965
1,adaptive_flush_window_formal_512_fixed_timeout,formal,4,825,18.4 (Debian 18.4-1.pgdg12+1),0.8.2,12,1784987970.0895157,snapshot,NVIDIA GeForce RTX 5070,51,11264,12227,ok,0,0,0.0
1,adaptive_flush_window_formal_512_fixed_timeout,formal,4,825,18.4 (Debian 18.4-1.pgdg12+1),0.8.2,13,1784987970.433103,snapshot,NVIDIA GeForce RTX 5070,51,11264,12227,ok,5,0,0.004212032106810759
1,adaptive_flush_window_formal_512_fixed_timeout,formal,4,825,18.4 (Debian 18.4-1.pgdg12+1),0.8.2,14,1784987970.7941756,snapshot,NVIDIA GeForce RTX 5070,60,11264,12227,ok,2,0,0.0004768338234125702
1,adaptive_flush_window_formal_512_fixed_timeout,formal,4,825,18.4 (Debian 18.4-1.pgdg12+1),0.8.2,15,1784987971.1153374,snapshot,NVIDIA GeForce RTX 5070,60,11264,12227,ok,0,0,0.0
1,adaptive_flush_window_formal_512_fixed_timeout,formal,4,825,18.4 (Debian 18.4-1.pgdg12+1),0.8.2,16,1784987971.459398,snapshot,NVIDIA GeForce RTX 5070,60,11267,12227,ok,3,0,0.0006357784312167603
1,adaptive_flush_window_formal_512_fixed_timeout,formal,4,825,18.4 (Debian 18.4-1.pgdg12+1),0.8.2,17,1784987971.8017187,snapshot,NVIDIA GeForce RTX 5070,24,11263,12227,ok,3,0,0.006755145831677689
1,adaptive_flush_window_formal_512_fixed_timeout,formal,4,825,18.4 (Debian 18.4-1.pgdg12+1),0.8.2,18,1784987972.1226237,snapshot,NVIDIA GeForce RTX 5070,24,11260,12227,ok,3,0,0.0021457522053563993
1,adaptive_flush_window_formal_512_fixed_timeout,formal,4,825,18.4 (Debian 18.4-1.pgdg12+1),0.8.2,19,1784987972.4503186,snapshot,NVIDIA GeForce RTX 5070,24,11263,12227,ok,0,0,0.0
1,adaptive_flush_window_formal_512_fixed_timeout,formal,4,825,18.4 (Debian 18.4-1.pgdg12+1),0.8.2,20,1784987972.7895303,snapshot,NVIDIA GeForce RTX 5070,89,11267,12227,ok,0,0,0.0
1,adaptive_flush_window_formal_512_fixed_timeout,formal,4,825,18.4 (Debian 18.4-1.pgdg12+1),0.8.2,21,1784987973.1274967,snapshot,NVIDIA GeForce RTX 5070,89,11267,12227,ok,0,0,0.0
1,adaptive_flush_window_formal_512_fixed_timeout,formal,4,825,18.4 (Debian 18.4-1.pgdg12+1),0.8.2,22,1784987973.4455602,snapshot,NVIDIA GeForce RTX 5070,89,11260,12227,ok,0,0,0.0
1,adaptive_flush_window_formal_512_fixed_timeout,formal,4,825,18.4 (Debian 18.4-1.pgdg12+1),0.8.2,23,1784987973.7721014,snapshot,NVIDIA GeForce RTX 5070,23,11258,12227,ok,0,0,0.0
1,adaptive_flush_window_formal_512_fixed_timeout,formal,4,825,18.4 (Debian 18.4-1.pgdg12+1),0.8.2,24,1784987974.0994468,snapshot,NVIDIA GeForce RTX 5070,23,11258,12227,ok,0,0,0.0
1,adaptive_flush_window_formal_512_fixed_timeout,formal,4,825,18.4 (Debian 18.4-1.pgdg12+1),0.8.2,25,1784987974.4285862,snapshot,NVIDIA GeForce RTX 5070,23,11258,12227,ok,0,0,0.0
1,adaptive_flush_window_formal_512_fixed_timeout,formal,4,825,18.4 (Debian 18.4-1.pgdg12+1),0.8.2,26,1784987974.77015,snapshot,NVIDIA GeForce RTX 5070,24,11244,12227,ok,0,0,0.0
1,adaptive_flush_window_formal_512_fixed_timeout,formal,4,825,18.4 (Debian 18.4-1.pgdg12+1),0.8.2,27,1784987975.1087003,snapshot,NVIDIA GeForce RTX 5070,24,11254,12227,ok,0,0,0.0
1,adaptive_flush_window_formal_512_fixed_timeout,formal,4,825,18.4 (Debian 18.4-1.pgdg12+1),0.8.2,28,1784987975.4509437,snapshot,NVIDIA GeForce RTX 5070,24,11255,12227,ok,0,0,0.0
1,adaptive_flush_window_formal_512_fixed_timeout,formal,4,825,18.4 (Debian 18.4-1.pgdg12+1),0.8.2,29,1784987975.790959,snapshot,NVIDIA GeForce RTX 5070,23,11258,12227,ok,2,0,0.0004768338234125702
1,adaptive_flush_window_formal_512_fixed_timeout,formal,4,825,18.4 (Debian 18.4-1.pgdg12+1),0.8.2,30,1784987976.126058,snapshot,NVIDIA GeForce RTX 5070,23,11263,12227,ok,1,0,0.00015894460780419006
1,adaptive_flush_window_formal_512_fixed_timeout,formal,4,825,18.4 (Debian 18.4-1.pgdg12+1),0.8.2,31,1784987976.4525917,snapshot,NVIDIA GeForce RTX 5070,23,11263,12227,ok,1,0,0.0004768338234125702
1,adaptive_flush_window_formal_512_fixed_timeout,formal,4,825,18.4 (Debian 18.4-1.pgdg12+1),0.8.2,32,1784987976.7707753,snapshot,NVIDIA GeForce RTX 5070,49,11252,12227,ok,0,0,0.0
1,adaptive_flush_window_formal_512_fixed_timeout,formal,4,825,18.4 (Debian 18.4-1.pgdg12+1),0.8.2,33,1784987977.1120512,snapshot,NVIDIA GeForce RTX 5070,49,11252,12227,ok,0,0,0.0
1,adaptive_flush_window_formal_512_fixed_timeout,formal,4,825,18.4 (Debian 18.4-1.pgdg12+1),0.8.2,34,1784987977.4247768,snapshot,NVIDIA GeForce RTX 5070,49,11252,12227,ok,0,0,0.0
1,adaptive_flush_window_formal_512_fixed_timeout,formal,4,825,18.4 (Debian 18.4-1.pgdg12+1),0.8.2,35,1784987977.752783,snapshot,NVIDIA GeForce RTX 5070,23,11253,12227,ok,0,0,0.0
1,adaptive_flush_window_formal_512_fixed_timeout,formal,4,825,18.4 (Debian 18.4-1.pgdg12+1),0.8.2,36,1784987978.0796552,snapshot,NVIDIA GeForce RTX 5070,23,11256,12227,ok,0,0,0.0
1,adaptive_flush_window_formal_512_fixed_timeout,formal,4,825,18.4 (Debian 18.4-1.pgdg12+1),0.8.2,37,1784987978.426339,snapshot,NVIDIA GeForce RTX 5070,23,11253,12227,ok,0,0,0.0
1,adaptive_flush_window_formal_512_fixed_timeout,formal,4,825,18.4 (Debian 18.4-1.pgdg12+1),0.8.2,38,1784987978.748597,snapshot,NVIDIA GeForce RTX 5070,23,11256,12227,ok,0,0,0.0
1,adaptive_flush_window_formal_512_fixed_timeout,formal,4,825,18.4 (Debian 18.4-1.pgdg12+1),0.8.2,39,1784987979.0756283,snapshot,NVIDIA GeForce RTX 5070,23,11256,12227,ok,0,0,0.0
1,adaptive_flush_window_formal_512_fixed_timeout,formal,4,825,18.4 (Debian 18.4-1.pgdg12+1),0.8.2,40,1784987979.397406,snapshot,NVIDIA GeForce RTX 5070,23,11256,12227,ok,0,0,0.0
1,adaptive_flush_window_formal_512_fixed_timeout,formal,4,825,18.4 (Debian 18.4-1.pgdg12+1),0.8.2,41,1784987979.758832,snapshot,NVIDIA GeForce RTX 5070,23,11252,12227,ok,2,0,0.00023841691170622958
1,adaptive_flush_window_formal_512_fixed_timeout,formal,4,825,18.4 (Debian 18.4-1.pgdg12+1),0.8.2,42,1784987980.1003668,snapshot,NVIDIA GeForce RTX 5070,23,11259,12227,ok,0,0,0.0
1,adaptive_flush_window_formal_512_fixed_timeout,formal,4,825,18.4 (Debian 18.4-1.pgdg12+1),0.8.2,43,1784987980.423761,snapshot,NVIDIA GeForce RTX 5070,23,11263,12227,ok,2,0,0.00015894460780419006
1,adaptive_flush_window_formal_512_fixed_timeout,formal,4,825,18.4 (Debian 18.4-1.pgdg12+1),0.8.2,44,1784987980.7513328,snapshot,NVIDIA GeForce RTX 5070,63,11263,12227,ok,2,0,0.0005563061273146097
1,adaptive_flush_window_formal_512_fixed_timeout,formal,4,825,18.4 (Debian 18.4-1.pgdg12+1),0.8.2,45,1784987981.0775409,snapshot,NVIDIA GeForce RTX 5070,63,11263,12227,ok,4,0,0.0009536676468250294
1,adaptive_flush_window_formal_512_fixed_timeout,formal,4,825,18.4 (Debian 18.4-1.pgdg12+1),0.8.2,46,1784987981.4136565,snapshot,NVIDIA GeForce RTX 5070,63,11263,12227,ok,12,0,0.00429150441071291
1,adaptive_flush_window_formal_512_fixed_timeout,formal,4,825,18.4 (Debian 18.4-1.pgdg12+1),0.8.2,47,1784987981.75392,snapshot,NVIDIA GeForce RTX 5070,87,11263,12227,ok,4,0,0.0026225860287689695
1,adaptive_flush_window_formal_512_fixed_timeout,formal,4,825,18.4 (Debian 18.4-1.pgdg12+1),0.8.2,48,1784987982.0956614,snapshot,NVIDIA GeForce RTX 5070,87,11263,12227,ok,5,0,0.0007947230390209503
1,adaptive_flush_window_formal_512_fixed_timeout,formal,4,825,18.4 (Debian 18.4-1.pgdg12+1),0.8.2,49,1784987982.4340143,snapshot,NVIDIA GeForce RTX 5070,87,11265,12227,ok,5,0,0.004053087499006569
1,adaptive_flush_window_formal_512_fixed_timeout,formal,4,825,18.4 (Debian 18.4-1.pgdg12+1),0.8.2,50,1784987982.769279,snapshot,NVIDIA GeForce RTX 5070,83,11261,12227,ok,8,0,0.005880950488754699
1,adaptive_flush_window_formal_512_fixed_timeout,formal,4,825,18.4 (Debian 18.4-1.pgdg12+1),0.8.2,51,1784987983.1074517,snapshot,NVIDIA GeForce RTX 5070,83,11265,12227,ok,18,0,0.022967495827704076
1,adaptive_flush_window_formal_512_fixed_timeout,formal,4,825,18.4 (Debian 18.4-1.pgdg12+1),0.8.2,52,1784987983.4271483,snapshot,NVIDIA GeForce RTX 5070,83,11266,12227,ok,31,0,0.0517364698402607
1,adaptive_flush_window_formal_512_fixed_timeout,formal,4,825,18.4 (Debian 18.4-1.pgdg12+1),0.8.2,53,1784987983.7540321,snapshot,NVIDIA GeForce RTX 5070,91,11263,12227,ok,19,0,0.006596201223873499
1,adaptive_flush_window_formal_512_fixed_timeout,formal,4,825,18.4 (Debian 18.4-1.pgdg12+1),0.8.2,54,1784987984.0700321,snapshot,NVIDIA GeForce RTX 5070,91,11266,12227,ok,25,0,0.008424064213621518
1,adaptive_flush_window_formal_512_fixed_timeout,formal,4,825,18.4 (Debian 18.4-1.pgdg12+1),0.8.2,55,1784987984.4166396,snapshot,NVIDIA GeForce RTX 5070,91,11266,12227,ok,23,0,0.007549868870698528
1,adaptive_flush_window_formal_512_fixed_timeout,formal,4,825,18.4 (Debian 18.4-1.pgdg12+1),0.8.2,56,1784987984.7340634,snapshot,NVIDIA GeForce RTX 5070,93,11262,12227,ok,24,0,0.023285385043312457
1,adaptive_flush_window_formal_512_fixed_timeout,formal,4,825,18.4 (Debian 18.4-1.pgdg12+1),0.8.2,57,1784987985.088696,snapshot,NVIDIA GeForce RTX 5070,93,11259,12227,ok,24,0,0.011761900977509288
1,adaptive_flush_window_formal_512_fixed_timeout,formal,4,825,18.4 (Debian 18.4-1.pgdg12+1),0.8.2,58,1784987985.4278188,snapshot,NVIDIA GeForce RTX 5070,93,11262,12227,ok,29,0,0.006834618135579729
1,adaptive_flush_window_formal_512_fixed_timeout,formal,4,825,18.4 (Debian 18.4-1.pgdg12+1),0.8.2,59,1784987985.7441223,snapshot,NVIDIA GeForce RTX 5070,93,11266,12227,ok,30,0,0.012397679408726048
1,adaptive_flush_window_formal_512_fixed_timeout,formal,4,825,18.4 (Debian 18.4-1.pgdg12+1),0.8.2,60,1784987986.0703835,snapshot,NVIDIA GeForce RTX 5070,93,11263,12227,ok,15,0,0.00413255980290872
1,adaptive_flush_window_formal_512_fixed_timeout,formal,4,825,18.4 (Debian 18.4-1.pgdg12+1),0.8.2,61,1784987986.391314,snapshot,NVIDIA GeForce RTX 5070,93,11266,12227,ok,0,0,0.0
1,adaptive_flush_window_formal_512_fixed_timeout,formal,5,826,18.4 (Debian 18.4-1.pgdg12+1),0.8.2,0,1784987989.7895205,snapshot,NVIDIA GeForce RTX 5070,23,11251,12227,ok,0,0,0.0
1,adaptive_flush_window_formal_512_fixed_timeout,formal,5,826,18.4 (Debian 18.4-1.pgdg12+1),0.8.2,1,1784987990.1182716,snapshot,NVIDIA GeForce RTX 5070,23,11258,12227,ok,7,0,0.002861002940475199
1,adaptive_flush_window_formal_512_fixed_timeout,formal,5,826,18.4 (Debian 18.4-1.pgdg12+1),0.8.2,2,1784987990.4723222,snapshot,NVIDIA GeForce RTX 5070,23,11255,12227,ok,8,0,0.0014305014702375995
1,adaptive_flush_window_formal_512_fixed_timeout,formal,5,826,18.4 (Debian 18.4-1.pgdg12+1),0.8.2,3,1784987990.7920966,snapshot,NVIDIA GeForce RTX 5070,75,11255,12227,ok,2,0,0.00206627990145436
1,adaptive_flush_window_formal_512_fixed_timeout,formal,5,826,18.4 (Debian 18.4-1.pgdg12+1),0.8.2,4,1784987991.111171,snapshot,NVIDIA GeForce RTX 5070,75,11255,12227,ok,3,0,0.005880950488754699
1,adaptive_flush_window_formal_512_fixed_timeout,formal,5,826,18.4 (Debian 18.4-1.pgdg12+1),0.8.2,5,1784987991.4708693,snapshot,NVIDIA GeForce RTX 5070,75,11252,12227,ok,3,0,0.017245489946753567
1,adaptive_flush_window_formal_512_fixed_timeout,formal,5,826,18.4 (Debian 18.4-1.pgdg12+1),0.8.2,6,1784987991.8089006,snapshot,NVIDIA GeForce RTX 5070,74,11262,12227,ok,0,0,0.0
1,adaptive_flush_window_formal_512_fixed_timeout,formal,5,826,18.4 (Debian 18.4-1.pgdg12+1),0.8.2,7,1784987992.150252,snapshot,NVIDIA GeForce RTX 5070,74,11255,12227,ok,1,0,0.00015894460780419006
1,adaptive_flush_window_formal_512_fixed_timeout,formal,5,826,18.4 (Debian 18.4-1.pgdg12+1),0.8.2,8,1784987992.4915414,snapshot,NVIDIA GeForce RTX 5070,74,11262,12227,ok,0,0,0.0
1,adaptive_flush_window_formal_512_fixed_timeout,formal,5,826,18.4 (Debian 18.4-1.pgdg12+1),0.8.2,9,1784987992.8324609,snapshot,NVIDIA GeForce RTX 5070,71,11258,12227,ok,0,0,0.0
1,adaptive_flush_window_formal_512_fixed_timeout,formal,5,826,18.4 (Debian 18.4-1.pgdg12+1),0.8.2,10,1784987993.1740165,snapshot,NVIDIA GeForce RTX 5070,71,11251,12227,ok,1,0,0.00015894460780419006
1,adaptive_flush_window_formal_512_fixed_timeout,formal,5,826,18.4 (Debian 18.4-1.pgdg12+1),0.8.2,11,1784987993.5173235,snapshot,NVIDIA GeForce RTX 5070,65,11258,12227,ok,2,0,0.00039736151951041965
1,adaptive_flush_window_formal_512_fixed_timeout,formal,5,826,18.4 (Debian 18.4-1.pgdg12+1),0.8.2,12,1784987993.8361607,snapshot,NVIDIA GeForce RTX 5070,65,11258,12227,ok,0,0,0.0
1,adaptive_flush_window_formal_512_fixed_timeout,formal,5,826,18.4 (Debian 18.4-1.pgdg12+1),0.8.2,13,1784987994.1603713,snapshot,NVIDIA GeForce RTX 5070,65,11258,12227,ok,0,0,0.0
1,adaptive_flush_window_formal_512_fixed_timeout,formal,5,826,18.4 (Debian 18.4-1.pgdg12+1),0.8.2,14,1784987994.5080235,snapshot,NVIDIA GeForce RTX 5070,75,11258,12227,ok,2,0,0.0004768338234125702
1,adaptive_flush_window_formal_512_fixed_timeout,formal,5,826,18.4 (Debian 18.4-1.pgdg12+1),0.8.2,15,1784987994.849881,snapshot,NVIDIA GeForce RTX 5070,75,11258,12227,ok,0,0,0.0
1,adaptive_flush_window_formal_512_fixed_timeout,formal,5,826,18.4 (Debian 18.4-1.pgdg12+1),0.8.2,16,1784987995.1858332,snapshot,NVIDIA GeForce RTX 5070,75,11258,12227,ok,7,0,0.0044504490185171
1,adaptive_flush_window_formal_512_fixed_timeout,formal,5,826,18.4 (Debian 18.4-1.pgdg12+1),0.8.2,17,1784987995.5130942,snapshot,NVIDIA GeForce RTX 5070,86,11258,12227,ok,3,0,0.006914090439481879
1,adaptive_flush_window_formal_512_fixed_timeout,formal,5,826,18.4 (Debian 18.4-1.pgdg12+1),0.8.2,18,1784987995.832712,snapshot,NVIDIA GeForce RTX 5070,86,11258,12227,ok,5,0,0.00429150441071291
1,adaptive_flush_window_formal_512_fixed_timeout,formal,5,826,18.4 (Debian 18.4-1.pgdg12+1),0.8.2,19,1784987996.1944458,snapshot,NVIDIA GeForce RTX 5070,86,11258,12227,ok,1,0,7.947230390203952e-05
1,adaptive_flush_window_formal_512_fixed_timeout,formal,5,826,18.4 (Debian 18.4-1.pgdg12+1),0.8.2,20,1784987996.5130732,snapshot,NVIDIA GeForce RTX 5070,64,11251,12227,ok,0,0,0.0
1,adaptive_flush_window_formal_512_fixed_timeout,formal,5,826,18.4 (Debian 18.4-1.pgdg12+1),0.8.2,21,1784987996.8608918,snapshot,NVIDIA GeForce RTX 5070,64,11248,12227,ok,0,0,0.0
1,adaptive_flush_window_formal_512_fixed_timeout,formal,5,826,18.4 (Debian 18.4-1.pgdg12+1),0.8.2,22,1784987997.1778657,snapshot,NVIDIA GeForce RTX 5070,64,11251,12227,ok,0,0,0.0
1,adaptive_flush_window_formal_512_fixed_timeout,formal,5,826,18.4 (Debian 18.4-1.pgdg12+1),0.8.2,23,1784987997.5226007,snapshot,NVIDIA GeForce RTX 5070,54,11258,12227,ok,0,0,0.0
1,adaptive_flush_window_formal_512_fixed_timeout,formal,5,826,18.4 (Debian 18.4-1.pgdg12+1),0.8.2,24,1784987997.8418558,snapshot,NVIDIA GeForce RTX 5070,54,11255,12227,ok,0,0,0.0
1,adaptive_flush_window_formal_512_fixed_timeout,formal,5,826,18.4 (Debian 18.4-1.pgdg12+1),0.8.2,25,1784987998.1685123,snapshot,NVIDIA GeForce RTX 5070,54,11248,12227,ok,0,0,0.0
1,adaptive_flush_window_formal_512_fixed_timeout,formal,5,826,18.4 (Debian 18.4-1.pgdg12+1),0.8.2,26,1784987998.4966471,snapshot,NVIDIA GeForce RTX 5070,23,11251,12227,ok,0,0,0.0
1,adaptive_flush_window_formal_512_fixed_timeout,formal,5,826,18.4 (Debian 18.4-1.pgdg12+1),0.8.2,27,1784987998.8193414,snapshot,NVIDIA GeForce RTX 5070,23,11251,12227,ok,0,0,0.0
1,adaptive_flush_window_formal_512_fixed_timeout,formal,5,826,18.4 (Debian 18.4-1.pgdg12+1),0.8.2,28,1784987999.1667495,snapshot,NVIDIA GeForce RTX 5070,23,11251,12227,ok,0,0,0.0
1,adaptive_flush_window_formal_512_fixed_timeout,formal,5,826,18.4 (Debian 18.4-1.pgdg12+1),0.8.2,29,1784987999.5077515,snapshot,NVIDIA GeForce RTX 5070,23,11258,12227,ok,2,0,0.0004768338234125702
1,adaptive_flush_window_formal_512_fixed_timeout,formal,5,826,18.4 (Debian 18.4-1.pgdg12+1),0.8.2,30,1784987999.8262875,snapshot,NVIDIA GeForce RTX 5070,23,11258,12227,ok,1,0,0.00015894460780419006
1,adaptive_flush_window_formal_512_fixed_timeout,formal,5,826,18.4 (Debian 18.4-1.pgdg12+1),0.8.2,31,1784988000.1688755,snapshot,NVIDIA GeForce RTX 5070,23,11250,12227,ok,1,0,0.0004768338234125702
1,adaptive_flush_window_formal_512_fixed_timeout,formal,5,826,18.4 (Debian 18.4-1.pgdg12+1),0.8.2,32,1784988000.4937787,snapshot,NVIDIA GeForce RTX 5070,64,11253,12227,ok,0,0,0.0
1,adaptive_flush_window_formal_512_fixed_timeout,formal,5,826,18.4 (Debian 18.4-1.pgdg12+1),0.8.2,33,1784988000.8421514,snapshot,NVIDIA GeForce RTX 5070,64,11246,12227,ok,0,0,0.0
1,adaptive_flush_window_formal_512_fixed_timeout,formal,5,826,18.4 (Debian 18.4-1.pgdg12+1),0.8.2,34,1784988001.1817763,snapshot,NVIDIA GeForce RTX 5070,64,11251,12227,ok,0,0,0.0
1,adaptive_flush_window_formal_512_fixed_timeout,formal,5,826,18.4 (Debian 18.4-1.pgdg12+1),0.8.2,35,1784988001.5027194,snapshot,NVIDIA GeForce RTX 5070,24,11255,12227,ok,0,0,0.0
1,adaptive_flush_window_formal_512_fixed_timeout,formal,5,826,18.4 (Debian 18.4-1.pgdg12+1),0.8.2,36,1784988001.8298829,snapshot,NVIDIA GeForce RTX 5070,24,11248,12227,ok,0,0,0.0
1,adaptive_flush_window_formal_512_fixed_timeout,formal,5,826,18.4 (Debian 18.4-1.pgdg12+1),0.8.2,37,1784988002.1551902,snapshot,NVIDIA GeForce RTX 5070,24,11254,12227,ok,0,0,0.0
1,adaptive_flush_window_formal_512_fixed_timeout,formal,5,826,18.4 (Debian 18.4-1.pgdg12+1),0.8.2,38,1784988002.4858842,snapshot,NVIDIA GeForce RTX 5070,24,11257,12227,ok,0,0,0.0
1,adaptive_flush_window_formal_512_fixed_timeout,formal,5,826,18.4 (Debian 18.4-1.pgdg12+1),0.8.2,39,1784988002.804268,snapshot,NVIDIA GeForce RTX 5070,23,11253,12227,ok,0,0,0.0
1,adaptive_flush_window_formal_512_fixed_timeout,formal,5,826,18.4 (Debian 18.4-1.pgdg12+1),0.8.2,40,1784988003.129016,snapshot,NVIDIA GeForce RTX 5070,23,11246,12227,ok,0,0,0.0
1,adaptive_flush_window_formal_512_fixed_timeout,formal,5,826,18.4 (Debian 18.4-1.pgdg12+1),0.8.2,41,1784988003.4706745,snapshot,NVIDIA GeForce RTX 5070,23,11260,12227,ok,3,0,0.0003178892156083801
1,adaptive_flush_window_formal_512_fixed_timeout,formal,5,826,18.4 (Debian 18.4-1.pgdg12+1),0.8.2,42,1784988003.789921,snapshot,NVIDIA GeForce RTX 5070,23,11260,12227,ok,0,0,0.0
1,adaptive_flush_window_formal_512_fixed_timeout,formal,5,826,18.4 (Debian 18.4-1.pgdg12+1),0.8.2,43,1784988004.1145356,snapshot,NVIDIA GeForce RTX 5070,23,11264,12227,ok,2,0,0.00015894460780419006
1,adaptive_flush_window_formal_512_fixed_timeout,formal,5,826,18.4 (Debian 18.4-1.pgdg12+1),0.8.2,44,1784988004.451701,snapshot,NVIDIA GeForce RTX 5070,23,11264,12227,ok,1,0,0.0003178892156083801
1,adaptive_flush_window_formal_512_fixed_timeout,formal,5,826,18.4 (Debian 18.4-1.pgdg12+1),0.8.2,45,1784988004.7923503,snapshot,NVIDIA GeForce RTX 5070,79,11264,12227,ok,7,0,0.0012715568624334095
1,adaptive_flush_window_formal_512_fixed_timeout,formal,5,826,18.4 (Debian 18.4-1.pgdg12+1),0.8.2,46,1784988005.1140273,snapshot,NVIDIA GeForce RTX 5070,79,11265,12227,ok,9,0,0.0038146705873003395
1,adaptive_flush_window_formal_512_fixed_timeout,formal,5,826,18.4 (Debian 18.4-1.pgdg12+1),0.8.2,47,1784988005.4521277,snapshot,NVIDIA GeForce RTX 5070,79,11269,12227,ok,6,0,0.0031788921560835792
1,adaptive_flush_window_formal_512_fixed_timeout,formal,5,826,18.4 (Debian 18.4-1.pgdg12+1),0.8.2,48,1784988005.8089066,snapshot,NVIDIA GeForce RTX 5070,80,11270,12227,ok,5,0,0.0007947230390209503
1,adaptive_flush_window_formal_512_fixed_timeout,formal,5,826,18.4 (Debian 18.4-1.pgdg12+1),0.8.2,49,1784988006.1251535,snapshot,NVIDIA GeForce RTX 5070,80,11270,12227,ok,5,0,0.004053087499006569
1,adaptive_flush_window_formal_512_fixed_timeout,formal,5,826,18.4 (Debian 18.4-1.pgdg12+1),0.8.2,50,1784988006.4677973,snapshot,NVIDIA GeForce RTX 5070,80,11271,12227,ok,8,0,0.005801478184852549
1,adaptive_flush_window_formal_512_fixed_timeout,formal,5,826,18.4 (Debian 18.4-1.pgdg12+1),0.8.2,51,1784988006.788999,snapshot,NVIDIA GeForce RTX 5070,84,11274,12227,ok,18,0,0.022888023523801926
1,adaptive_flush_window_formal_512_fixed_timeout,formal,5,826,18.4 (Debian 18.4-1.pgdg12+1),0.8.2,52,1784988007.1357517,snapshot,NVIDIA GeForce RTX 5070,84,11273,12227,ok,31,0,0.0517364698402607
1,adaptive_flush_window_formal_512_fixed_timeout,formal,5,826,18.4 (Debian 18.4-1.pgdg12+1),0.8.2,53,1784988007.4856708,snapshot,NVIDIA GeForce RTX 5070,84,11277,12227,ok,21,0,0.013589763967257418
1,adaptive_flush_window_formal_512_fixed_timeout,formal,5,826,18.4 (Debian 18.4-1.pgdg12+1),0.8.2,54,1784988007.8062005,snapshot,NVIDIA GeForce RTX 5070,93,11277,12227,ok,34,0,0.027815306365731596
1,adaptive_flush_window_formal_512_fixed_timeout,formal,5,826,18.4 (Debian 18.4-1.pgdg12+1),0.8.2,55,1784988008.1493752,snapshot,NVIDIA GeForce RTX 5070,93,11274,12227,ok,19,0,0.006834618135579729
1,adaptive_flush_window_formal_512_fixed_timeout,formal,5,826,18.4 (Debian 18.4-1.pgdg12+1),0.8.2,56,1784988008.510194,snapshot,NVIDIA GeForce RTX 5070,90,11264,12227,ok,24,0,0.023444329651116536
1,adaptive_flush_window_formal_512_fixed_timeout,formal,5,826,18.4 (Debian 18.4-1.pgdg12+1),0.8.2,57,1784988008.8553014,snapshot,NVIDIA GeForce RTX 5070,90,11259,12227,ok,28,0,0.010569816418978029
1,adaptive_flush_window_formal_512_fixed_timeout,formal,5,826,18.4 (Debian 18.4-1.pgdg12+1),0.8.2,58,1784988009.1879995,snapshot,NVIDIA GeForce RTX 5070,90,11262,12227,ok,39,0,0.019788603671620386
1,adaptive_flush_window_formal_512_fixed_timeout,formal,5,826,18.4 (Debian 18.4-1.pgdg12+1),0.8.2,59,1784988009.5294132,snapshot,NVIDIA GeForce RTX 5070,87,11259,12227,ok,22,0,0.00532464436144009
1,adaptive_flush_window_formal_512_fixed_timeout,formal,5,826,18.4 (Debian 18.4-1.pgdg12+1),0.8.2,60,1784988009.8475945,snapshot,NVIDIA GeForce RTX 5070,87,11256,12227,ok,20,0,0.00429150441071291
1,adaptive_flush_window_formal_512_fixed_timeout,formal,5,826,18.4 (Debian 18.4-1.pgdg12+1),0.8.2,61,1784988010.203965,snapshot,NVIDIA GeForce RTX 5070,87,11264,12227,ok,22,0,0.015020265437495017
